patient_id,age,gender,bmi,blood_pressure_systolic,blood_pressure_diastolic,cholesterol,fasting_blood_glucose,hba1c,insulin,smoking_status,alcohol_use,physical_activity,family_history,chest_pain_type,resting_ecg,max_heart_rate,exercise_induced_angina,st_depression,white_blood_cells,red_blood_cells,hemoglobin,creatinine,diagnosis
1,47,Female,38.2,144,72,223,160,10.7,127.6,Current,Heavy,Low,1,1,0,157,0,1.5,9.5,5.86,16.2,4.38,Diabetes
2,59,Male,33.6,194,87,306,95,6.4,62.7,Current,None,Moderate,1,2,2,65,1,3.7,7.6,4.09,12.6,0.73,Heart Disease
3,75,Male,37.0,150,61,333,128,6.4,53.0,Current,Moderate,Low,1,2,1,82,1,5.9,10.6,5.4,9.4,3.28,Heart Disease
4,43,Male,36.9,142,68,174,289,7.7,222.1,Current,Heavy,High,0,1,1,115,0,1.1,5.1,6.32,9.2,1.03,Diabetes
5,50,Male,30.3,199,103,273,125,5.5,23.6,Former,None,High,1,3,2,75,1,5.3,9.8,4.51,11.8,2.02,Heart Disease
6,54,Female,29.5,133,74,218,75,4.9,94.8,Current,None,High,1,0,1,184,0,1.4,9.0,3.82,14.9,1.91,Breast Cancer
7,45,Female,28.9,138,110,246,75,6.3,144.2,Never,Moderate,Moderate,0,1,1,83,0,1.4,10.2,4.73,14.6,3.25,Breast Cancer
8,66,Male,33.8,195,102,332,102,5.6,201.0,Current,Moderate,High,1,2,2,105,1,3.1,6.9,5.76,15.1,2.34,Heart Disease
9,45,Female,18.5,122,73,188,82,4.0,80.6,Current,Moderate,Moderate,0,0,0,145,0,0.2,7.9,5.38,15.7,4.24,Healthy
10,53,Female,31.4,131,72,186,204,6.9,227.5,Former,Moderate,Low,1,0,1,108,0,1.9,5.9,4.49,16.8,4.56,Diabetes
11,44,Female,22.1,101,96,166,86,4.4,268.1,Former,Heavy,Low,1,0,0,103,0,0.2,10.9,5.09,18.0,2.85,Healthy
12,70,Female,31.4,161,70,221,126,6.0,42.6,Never,Moderate,Low,1,3,2,100,1,4.5,4.3,5.03,13.6,1.81,Heart Disease
13,33,Male,34.5,136,95,179,121,4.9,275.8,Current,None,High,0,1,1,159,0,0.3,6.5,6.38,13.3,3.85,Breast Cancer
14,49,Female,35.7,149,109,242,92,6.1,17.7,Former,Heavy,Moderate,1,3,1,89,1,2.3,5.3,4.04,9.1,2.73,Heart Disease
15,20,Male,20.5,96,70,150,98,5.2,232.7,Former,Moderate,Moderate,0,0,0,192,0,0.3,8.1,5.25,8.2,4.77,Healthy
16,45,Female,36.5,191,81,295,108,5.2,199.9,Never,Moderate,Moderate,0,3,1,105,1,5.3,8.3,5.14,14.9,0.58,Heart Disease
17,38,Male,24.8,116,101,185,84,4.3,79.4,Current,None,Moderate,0,0,0,107,0,0.2,4.0,6.33,16.4,1.09,Healthy
18,39,Female,19.0,106,88,143,97,4.3,24.1,Current,None,Moderate,0,0,0,144,0,0.5,7.0,4.93,14.1,2.16,Healthy
19,68,Female,32.4,153,70,245,117,5.9,196.1,Current,Heavy,High,1,2,1,91,1,2.1,4.5,4.22,10.3,3.67,Heart Disease
20,70,Female,29.2,146,63,242,270,8.3,95.9,Never,Heavy,Moderate,1,0,0,73,0,0.2,5.3,6.2,14.7,0.55,Diabetes
21,47,Male,40.3,137,82,200,214,8.6,71.0,Current,None,Moderate,0,1,0,127,0,1.1,4.1,6.32,16.9,1.6,Diabetes
22,47,Male,25.3,151,102,274,104,5.5,131.9,Current,Heavy,Moderate,0,3,2,60,1,5.1,7.5,5.18,11.8,3.02,Heart Disease
23,50,Female,34.8,117,79,184,103,5.0,187.2,Never,None,Moderate,0,0,0,154,0,0.3,8.7,5.07,14.0,1.68,Breast Cancer
24,37,Male,35.3,128,78,213,118,6.4,120.7,Never,None,High,0,1,0,140,0,0.6,10.5,4.86,12.9,4.98,Breast Cancer
25,45,Male,25.6,145,60,253,116,5.3,299.2,Former,None,Low,1,2,1,87,1,1.6,9.7,5.57,18.0,3.68,Heart Disease
26,71,Female,27.4,166,106,318,130,5.1,38.8,Current,Heavy,Low,1,3,1,92,1,6.0,5.8,4.67,16.9,3.19,Heart Disease
27,72,Male,35.0,159,92,334,106,5.8,70.5,Former,Heavy,High,0,2,2,84,1,3.7,4.5,5.17,15.8,3.08,Heart Disease
28,60,Male,37.9,135,79,162,234,7.0,59.1,Never,Heavy,Moderate,0,1,0,94,0,0.2,9.0,4.02,13.5,3.39,Diabetes
29,48,Male,29.2,193,82,275,109,5.6,41.0,Current,Moderate,High,1,2,2,121,1,3.6,10.4,6.33,17.1,4.33,Heart Disease
30,70,Male,31.4,137,61,241,100,6.4,182.6,Former,None,Low,1,1,1,141,0,0.8,7.1,3.7,11.2,3.53,Breast Cancer
31,56,Male,27.2,161,62,245,136,5.8,54.3,Never,Moderate,Moderate,1,2,1,114,1,4.6,7.0,5.13,11.8,3.16,Heart Disease
32,54,Female,26.7,123,97,249,92,4.8,72.6,Never,Heavy,High,0,1,1,122,0,1.0,10.8,6.48,10.8,4.53,Breast Cancer
33,73,Male,37.8,148,86,293,134,6.0,158.0,Never,Moderate,Moderate,1,2,1,93,1,4.1,7.0,4.65,16.4,2.06,Heart Disease
34,34,Female,22.6,94,110,183,89,4.4,22.8,Former,Heavy,Low,0,0,0,96,0,0.3,10.8,6.28,11.6,3.83,Healthy
35,24,Male,18.6,103,73,121,98,4.3,219.0,Current,None,Low,1,0,0,143,0,0.3,10.9,4.79,16.9,4.87,Healthy
36,55,Female,22.4,128,83,122,72,4.5,281.6,Former,None,Moderate,0,0,0,152,0,0.3,8.0,5.59,9.5,4.64,Healthy
37,66,Female,36.8,144,105,257,82,5.8,124.9,Former,Heavy,Moderate,0,1,0,136,0,0.3,7.4,5.17,15.7,0.64,Breast Cancer
38,50,Female,36.8,196,70,224,100,5.8,265.5,Former,None,Low,1,2,2,110,1,2.9,5.1,4.89,10.8,4.28,Heart Disease
39,46,Female,33.6,139,81,172,254,8.7,232.4,Current,Moderate,Moderate,1,0,0,97,0,1.6,10.8,5.61,8.9,4.88,Diabetes
40,54,Male,24.8,125,100,241,96,6.4,142.3,Never,Heavy,Moderate,0,0,0,82,0,0.5,7.1,5.02,17.6,3.44,Breast Cancer
41,47,Female,23.6,117,104,160,87,5.3,253.0,Former,Moderate,Moderate,0,0,0,141,0,0.1,5.3,5.56,12.9,3.18,Healthy
42,64,Female,41.2,160,63,168,298,9.0,219.3,Never,None,High,0,0,1,118,0,0.7,7.0,5.12,15.5,4.4,Diabetes
43,63,Male,34.7,148,72,276,139,6.2,67.5,Current,None,Low,0,2,1,65,1,3.1,7.6,3.52,12.6,2.64,Heart Disease
44,52,Female,38.5,131,78,181,88,4.5,231.9,Former,Moderate,Low,1,1,0,80,0,0.2,9.0,4.91,14.5,4.04,Breast Cancer
45,66,Male,28.2,131,71,225,263,9.8,113.1,Former,Heavy,Moderate,0,1,1,124,0,0.2,8.7,6.38,17.2,4.52,Diabetes
46,36,Female,21.8,128,64,149,89,5.4,237.1,Current,None,Low,0,0,0,91,0,0.5,6.4,6.09,17.8,4.36,Healthy
47,49,Female,32.2,191,91,321,100,6.3,221.1,Never,None,High,1,2,2,84,1,5.6,8.1,6.13,8.2,0.78,Heart Disease
48,56,Female,31.1,143,87,255,108,6.0,280.0,Current,None,High,0,3,1,67,1,2.7,5.2,5.41,14.9,1.93,Heart Disease
49,43,Female,44.9,183,93,219,180,11.6,13.2,Never,Moderate,Moderate,0,1,0,127,0,0.6,9.5,4.12,13.5,3.73,Diabetes
50,51,Male,28.5,194,65,331,90,5.1,7.7,Former,Moderate,Moderate,0,2,1,75,1,1.6,5.2,4.66,8.5,1.31,Heart Disease
51,59,Male,29.2,144,92,310,101,6.0,166.3,Current,Heavy,Low,1,3,1,87,1,4.3,8.3,3.83,16.6,2.37,Heart Disease
52,46,Female,27.1,191,65,250,140,6.1,235.4,Never,Heavy,High,1,2,1,114,1,2.1,4.1,5.35,14.8,2.54,Heart Disease
53,63,Male,37.6,173,64,332,98,5.8,260.8,Current,None,Low,1,3,1,91,1,4.0,8.2,6.15,13.3,2.86,Heart Disease
54,53,Female,41.6,148,68,258,173,10.2,284.9,Current,Moderate,Moderate,0,0,1,166,0,0.1,8.0,4.89,9.7,2.18,Diabetes
55,66,Female,28.6,154,89,349,127,5.2,283.3,Never,None,High,0,3,2,120,1,4.8,6.1,3.59,12.6,0.58,Heart Disease
56,59,Female,40.8,169,72,297,195,9.6,48.5,Never,Heavy,Low,1,0,0,178,0,0.8,7.4,5.32,12.3,3.49,Diabetes
57,45,Female,25.1,123,80,182,70,5.0,32.6,Current,None,High,0,0,0,111,0,0.2,10.7,5.87,15.5,3.68,Healthy
58,33,Female,25.3,126,106,181,72,4.5,19.0,Never,Heavy,Low,1,0,0,187,0,0.2,4.6,4.05,12.4,3.31,Healthy
59,58,Male,36.6,191,85,247,95,6.3,75.6,Former,Moderate,Low,0,3,1,89,1,5.2,10.0,5.88,11.3,2.44,Heart Disease
60,55,Female,40.4,158,64,194,185,7.3,187.0,Never,None,Moderate,1,1,1,158,0,1.0,7.6,5.1,12.4,4.45,Diabetes
61,48,Male,43.9,158,68,265,248,6.6,195.3,Former,Moderate,High,1,0,1,152,0,0.2,9.9,5.74,11.6,0.79,Diabetes
62,70,Male,30.6,158,77,175,96,5.6,110.6,Never,Moderate,Moderate,0,0,1,143,0,0.0,7.2,5.37,11.9,4.04,Breast Cancer
63,31,Male,23.3,147,90,215,72,5.5,57.5,Former,Heavy,Moderate,0,1,0,134,0,0.8,6.3,4.08,10.7,2.66,Breast Cancer
64,60,Female,28.6,168,92,182,253,9.4,34.8,Current,Heavy,High,1,0,0,112,0,0.3,11.0,6.41,8.6,2.88,Diabetes
65,49,Female,32.3,188,88,194,289,7.3,170.8,Former,None,High,1,1,0,173,0,0.6,7.5,5.41,15.2,0.74,Diabetes
66,43,Male,33.4,130,109,193,236,9.3,216.8,Former,Heavy,High,1,1,1,162,0,1.0,5.1,6.2,15.6,4.14,Diabetes
67,60,Male,28.6,174,99,234,191,7.3,259.8,Current,None,Moderate,0,0,0,106,0,0.5,7.5,6.21,12.6,1.2,Diabetes
68,75,Female,29.7,146,101,303,122,5.4,213.9,Current,Moderate,Moderate,1,3,1,122,1,1.8,10.0,3.86,8.1,3.23,Heart Disease
69,52,Female,29.5,168,79,275,127,6.0,245.2,Former,None,Low,0,3,2,85,1,4.8,10.7,3.64,11.9,4.48,Heart Disease
70,68,Female,26.2,148,71,233,94,5.5,64.5,Current,None,High,0,3,1,83,1,4.2,9.6,4.47,17.6,2.51,Heart Disease
71,42,Female,31.7,159,63,203,85,6.0,2.5,Never,None,High,0,1,0,188,0,1.3,8.7,3.64,16.4,2.29,Breast Cancer
72,63,Female,37.6,192,84,283,112,5.7,138.2,Former,Moderate,Moderate,1,3,2,85,1,2.1,10.0,5.86,14.1,1.49,Heart Disease
73,70,Female,30.4,143,72,267,295,11.8,79.5,Former,None,Moderate,1,1,1,179,0,1.0,4.4,6.37,14.7,1.37,Diabetes
74,42,Male,34.8,155,66,184,244,9.8,19.5,Former,Heavy,Low,1,0,0,133,0,0.1,8.2,4.22,10.6,4.96,Diabetes
75,60,Male,30.0,137,95,277,170,11.4,160.7,Current,None,High,1,0,0,150,0,1.1,11.0,3.95,9.9,3.91,Diabetes
76,43,Male,21.4,97,80,128,82,4.9,88.1,Former,Heavy,Low,1,0,0,196,0,0.3,8.0,5.43,11.4,0.51,Healthy
77,26,Female,25.6,98,84,143,97,4.8,97.6,Current,Moderate,Low,0,0,0,141,0,0.0,8.1,4.28,16.6,3.13,Healthy
78,51,Male,25.8,108,64,141,98,4.9,174.7,Never,Moderate,Moderate,0,0,0,85,0,0.1,9.8,5.29,14.6,1.06,Healthy
79,63,Male,41.4,157,63,275,180,11.1,119.5,Never,Moderate,High,0,0,0,103,0,1.6,4.5,4.16,17.0,3.39,Diabetes
80,47,Male,37.7,117,88,216,86,5.9,143.5,Current,Heavy,Low,1,0,1,92,0,0.5,7.2,3.84,11.9,4.12,Breast Cancer
81,59,Male,29.1,157,63,194,124,5.2,282.4,Current,Heavy,High,1,0,1,164,0,0.5,4.8,5.09,11.1,3.19,Breast Cancer
82,46,Male,27.0,159,103,293,101,6.1,165.8,Former,Moderate,High,1,2,2,108,1,2.0,9.1,6.33,9.3,1.2,Heart Disease
83,55,Female,25.3,175,93,264,124,5.6,172.5,Never,None,Moderate,0,3,2,97,1,2.4,6.8,3.52,10.9,3.85,Heart Disease
84,68,Male,29.1,149,104,211,129,5.5,250.6,Never,Heavy,Low,1,1,1,176,0,0.0,4.2,4.45,11.2,3.96,Breast Cancer
85,58,Female,27.5,153,75,234,139,6.0,193.4,Former,Heavy,Moderate,1,2,2,84,1,3.5,9.5,4.21,9.5,4.58,Heart Disease
86,21,Male,24.4,121,95,206,86,4.2,246.7,Never,Moderate,Low,0,0,0,198,0,0.1,9.2,3.75,16.5,2.89,Healthy
87,52,Male,34.3,174,70,332,94,6.3,99.9,Never,Heavy,Moderate,1,2,1,118,1,4.2,7.1,4.2,14.9,4.36,Heart Disease
88,59,Female,29.9,183,99,297,143,7.2,289.9,Current,Moderate,Low,1,0,1,88,0,1.5,6.4,3.96,10.4,0.55,Diabetes
89,64,Male,36.6,166,63,262,117,6.0,243.2,Never,Moderate,Moderate,0,3,2,98,1,5.6,10.1,6.27,16.1,3.14,Heart Disease
90,40,Male,18.6,114,108,169,71,4.5,129.9,Never,Moderate,Moderate,0,0,0,170,0,0.4,6.3,4.06,11.1,2.18,Healthy
91,45,Male,19.7,102,94,172,100,4.1,282.8,Former,Moderate,Low,1,0,0,186,0,0.2,9.0,3.95,17.2,3.86,Healthy
92,50,Female,34.9,181,89,239,144,8.4,37.0,Current,Heavy,Moderate,1,0,1,88,0,0.1,5.5,5.13,16.7,3.65,Diabetes
93,23,Female,25.8,121,101,140,77,4.4,230.1,Never,None,Low,0,0,0,155,0,0.2,10.2,4.45,13.6,1.26,Healthy
94,43,Male,27.3,121,92,250,116,5.7,234.9,Current,None,Low,1,1,0,168,0,0.7,6.5,5.56,14.7,0.92,Breast Cancer
95,48,Male,29.5,164,103,226,120,5.1,67.8,Former,None,Low,1,2,2,73,1,5.4,7.8,3.53,13.2,4.95,Heart Disease
96,50,Female,26.7,129,95,180,102,5.1,63.0,Never,Moderate,Moderate,0,0,0,152,0,0.0,7.0,5.64,9.9,0.52,Healthy
97,25,Male,21.3,101,70,186,93,5.1,68.0,Current,None,High,0,0,0,163,0,0.2,8.7,4.53,13.6,3.42,Healthy
98,47,Female,34.7,182,103,281,199,9.3,255.6,Current,None,Low,1,1,1,123,0,0.6,5.8,5.33,12.3,2.71,Diabetes
99,63,Female,28.1,138,85,280,185,8.8,265.0,Former,Heavy,Moderate,1,0,1,180,0,1.4,10.6,4.08,9.5,4.23,Diabetes
100,54,Male,21.7,119,95,199,103,5.2,134.3,Never,Heavy,Low,0,0,0,182,0,0.2,6.9,6.38,17.2,3.42,Healthy
101,58,Female,31.4,150,76,212,77,6.4,280.3,Never,None,High,1,0,0,145,0,0.4,10.9,5.65,12.1,4.91,Breast Cancer
102,42,Female,26.8,118,80,193,103,4.3,87.5,Never,Moderate,Moderate,1,0,0,180,0,0.1,5.6,4.31,10.0,1.83,Healthy
103,58,Female,31.0,137,64,287,172,9.6,46.2,Current,Moderate,High,0,0,0,93,0,0.8,10.7,4.35,16.7,2.89,Diabetes
104,56,Female,29.8,137,90,175,76,4.8,291.6,Current,Heavy,Low,1,0,1,104,0,0.3,6.0,6.16,15.7,2.67,Breast Cancer
105,22,Male,26.5,105,73,134,95,5.3,138.8,Current,Heavy,Moderate,0,0,0,129,0,0.5,10.4,3.61,10.1,0.91,Healthy
106,48,Female,31.8,153,80,252,106,6.4,137.5,Never,Heavy,Moderate,1,3,2,66,1,4.9,8.6,3.95,9.8,4.06,Heart Disease
107,40,Male,43.1,161,99,296,153,10.2,283.0,Never,Moderate,High,1,0,1,137,0,1.0,5.4,5.71,13.6,0.71,Diabetes
108,45,Male,35.8,168,64,271,116,6.3,134.6,Current,Heavy,Moderate,0,3,1,68,1,4.6,5.9,4.96,11.1,4.76,Heart Disease
109,51,Male,39.5,156,105,273,205,11.2,141.7,Current,Heavy,High,1,0,1,106,0,0.1,4.9,5.64,13.4,3.62,Diabetes
110,52,Male,34.1,174,65,244,126,5.9,246.2,Never,Heavy,High,0,3,1,77,1,3.1,6.6,4.62,15.1,2.9,Heart Disease
111,61,Male,33.7,152,108,335,132,6.2,8.0,Never,Heavy,High,0,3,1,140,1,2.9,4.6,4.69,15.0,0.97,Heart Disease
112,68,Female,36.4,146,105,237,134,5.8,246.1,Former,Heavy,Low,0,3,2,75,1,2.4,9.5,4.79,13.6,3.91,Heart Disease
113,65,Female,39.9,152,74,269,118,4.6,248.7,Never,None,Low,0,0,1,80,0,1.3,8.6,4.32,8.9,1.27,Breast Cancer
114,50,Female,32.4,175,102,224,118,6.4,13.9,Current,Moderate,Low,1,2,1,133,1,1.8,5.8,3.56,15.8,4.55,Heart Disease
115,43,Male,29.2,159,90,280,232,7.8,278.7,Current,Heavy,Low,1,0,0,128,0,1.8,8.8,5.77,16.2,3.29,Diabetes
116,49,Male,44.7,146,101,294,227,9.9,297.5,Never,Moderate,High,1,0,1,97,0,1.3,7.9,5.94,15.9,0.53,Diabetes
117,75,Male,34.7,178,100,260,107,6.0,215.3,Current,Moderate,High,1,2,1,78,1,2.8,5.0,4.86,12.4,1.86,Heart Disease
118,46,Female,41.9,172,64,173,193,10.1,136.6,Former,Heavy,Low,1,1,0,158,0,1.5,4.6,4.48,16.1,2.64,Diabetes
119,71,Male,31.1,148,63,277,105,5.9,184.8,Never,Moderate,High,1,2,1,120,1,6.2,4.8,6.16,8.6,3.37,Heart Disease
120,61,Female,43.2,189,65,297,153,11.2,178.6,Current,Moderate,High,0,1,1,135,0,0.2,8.8,5.67,11.5,3.99,Diabetes
121,63,Female,33.4,175,64,235,198,6.9,14.5,Current,Heavy,Moderate,1,1,0,97,0,0.0,4.1,5.85,13.4,4.8,Diabetes
122,45,Male,33.4,159,80,347,116,6.3,296.2,Never,None,Low,1,2,1,87,1,5.8,9.6,6.37,15.2,3.41,Heart Disease
123,64,Male,26.8,122,103,252,86,5.6,173.4,Current,Moderate,High,1,0,0,177,0,0.7,8.3,4.94,15.9,4.44,Breast Cancer
124,60,Female,37.2,169,62,321,97,5.1,156.1,Never,Moderate,Low,1,2,2,89,1,1.7,10.1,6.07,16.8,2.09,Heart Disease
125,44,Female,21.7,108,61,200,89,4.6,296.5,Former,Moderate,Moderate,0,0,0,193,0,0.2,6.6,4.5,9.7,4.73,Healthy
126,54,Female,27.0,132,97,155,117,5.3,137.0,Never,Heavy,Moderate,0,1,1,188,0,0.5,4.8,3.85,10.5,4.0,Breast Cancer
127,61,Male,43.4,161,105,270,222,9.0,290.6,Never,Heavy,Moderate,1,1,0,131,0,0.3,4.9,5.3,9.1,3.23,Diabetes
128,64,Male,35.8,146,104,188,112,5.1,209.0,Former,None,High,0,1,1,75,0,0.9,5.7,4.77,8.9,4.84,Breast Cancer
129,66,Male,26.4,167,71,259,128,6.1,208.9,Never,Moderate,High,0,3,2,73,1,6.0,9.2,5.35,17.3,3.04,Heart Disease
130,42,Female,31.4,190,89,292,279,9.8,255.8,Never,None,Moderate,1,1,0,144,0,0.5,9.2,3.64,13.6,2.49,Diabetes
131,70,Male,33.7,172,60,286,284,9.3,103.9,Former,Heavy,Low,0,0,0,83,0,0.3,6.2,5.7,8.7,2.8,Diabetes
132,53,Male,44.3,170,92,197,160,9.4,202.1,Never,Moderate,High,1,1,1,152,0,1.0,10.7,4.4,10.8,2.8,Diabetes
133,26,Male,20.9,108,109,138,98,4.6,13.3,Current,Heavy,High,0,0,0,129,0,0.3,4.2,4.09,15.1,3.77,Healthy
134,54,Female,36.2,147,76,290,98,5.1,33.5,Current,None,High,0,3,2,136,1,5.3,6.5,6.39,9.7,3.72,Heart Disease
135,53,Male,40.2,155,62,299,291,10.5,19.4,Current,Heavy,Low,1,0,1,116,0,1.6,8.1,4.44,8.3,0.64,Diabetes
136,63,Female,36.6,138,80,151,92,5.5,126.1,Never,Heavy,Moderate,1,1,1,156,0,0.6,4.8,5.32,8.3,4.73,Breast Cancer
137,54,Female,40.1,166,83,255,138,6.9,133.7,Never,Moderate,High,1,0,1,134,0,0.5,6.9,4.28,12.7,4.1,Diabetes
138,65,Female,30.2,173,73,346,140,6.3,236.1,Former,Heavy,Moderate,1,2,1,104,1,4.6,5.6,5.61,12.1,0.64,Heart Disease
139,37,Female,30.1,170,61,217,236,8.6,120.1,Never,Moderate,High,1,1,1,165,0,0.9,10.1,4.96,14.9,2.86,Diabetes
140,38,Male,41.3,150,79,223,140,7.7,222.6,Never,None,Low,1,1,0,103,0,0.4,7.2,5.69,13.9,1.05,Diabetes
141,57,Male,34.1,142,75,230,77,4.7,39.2,Never,Moderate,High,1,0,1,114,0,0.0,7.2,5.7,9.1,0.76,Breast Cancer
142,43,Male,26.7,147,90,160,103,5.8,142.2,Former,Moderate,Moderate,0,0,1,81,0,0.5,9.4,5.85,9.1,3.31,Breast Cancer
143,69,Female,34.9,152,95,287,142,7.1,39.1,Current,None,High,1,0,0,155,0,1.4,4.7,4.8,12.2,3.09,Diabetes
144,53,Male,33.2,142,69,240,101,5.9,149.1,Current,Heavy,Moderate,1,1,0,185,0,0.3,9.5,4.99,14.7,3.75,Breast Cancer
145,48,Male,34.8,170,63,189,274,9.6,217.7,Never,Moderate,High,0,0,0,170,0,0.7,11.0,4.35,9.8,2.56,Diabetes
146,59,Female,42.6,176,63,214,228,8.9,96.5,Former,Heavy,High,0,1,0,94,0,0.2,9.1,6.18,10.5,4.68,Diabetes
147,48,Female,29.6,141,93,225,193,9.9,255.6,Former,Moderate,High,1,1,1,99,0,1.8,10.4,4.96,10.2,1.91,Diabetes
148,53,Female,32.5,146,76,279,182,8.9,90.8,Former,None,High,1,1,0,126,0,1.8,5.4,6.08,17.7,0.54,Diabetes
149,38,Male,36.9,190,106,195,220,6.9,8.0,Never,Moderate,High,0,1,1,87,0,1.8,4.8,3.62,11.5,2.84,Diabetes
150,48,Male,22.0,118,84,147,98,5.0,197.8,Current,Heavy,High,0,0,0,168,0,0.1,7.1,4.72,12.6,4.59,Healthy
151,36,Female,31.6,146,79,253,185,7.5,259.2,Never,Heavy,Low,1,1,0,142,0,0.5,5.5,5.02,15.1,4.67,Diabetes
152,46,Female,37.6,120,86,252,87,4.9,237.7,Current,Moderate,Moderate,1,0,0,76,0,1.1,4.4,6.19,13.9,2.26,Breast Cancer
153,40,Female,28.7,176,83,217,263,10.6,97.4,Never,Moderate,High,1,0,0,170,0,0.4,6.7,4.19,17.5,4.54,Diabetes
154,66,Female,28.7,191,83,304,93,5.8,95.0,Former,None,High,1,3,2,91,1,5.3,6.6,6.18,16.4,4.66,Heart Disease
155,64,Male,35.7,160,97,198,298,9.0,8.7,Never,Heavy,High,1,0,0,123,0,1.1,7.7,4.3,9.8,0.8,Diabetes
156,63,Female,39.3,176,77,204,215,6.6,263.1,Current,None,Low,0,1,0,87,0,1.0,8.3,3.95,13.2,1.65,Diabetes
157,49,Female,31.4,118,110,260,105,6.3,213.2,Never,Moderate,High,0,1,0,78,0,1.3,9.1,6.35,11.0,1.4,Breast Cancer
158,65,Male,30.9,136,82,233,230,11.4,135.7,Never,None,High,1,1,0,80,0,0.8,9.2,3.81,11.0,0.75,Diabetes
159,46,Female,38.0,170,102,250,138,5.1,207.3,Never,Moderate,Low,0,2,2,84,1,3.9,6.1,5.16,13.7,2.04,Heart Disease
160,65,Male,42.2,130,104,211,287,7.5,142.6,Never,Moderate,High,1,0,1,137,0,0.7,4.3,4.68,16.3,1.87,Diabetes
161,36,Male,22.5,93,94,200,98,4.3,299.4,Current,Moderate,Moderate,0,0,0,176,0,0.1,7.4,3.71,13.9,4.29,Healthy
162,49,Male,21.1,103,63,170,75,4.3,190.7,Current,None,Low,0,0,0,169,0,0.3,10.1,4.67,13.3,3.95,Healthy
163,45,Female,29.7,181,89,225,137,5.2,48.6,Former,None,Moderate,1,2,2,103,1,2.9,5.9,3.96,8.2,2.44,Heart Disease
164,74,Male,30.1,163,89,282,115,5.3,281.6,Current,None,Moderate,0,3,1,67,1,2.1,4.6,4.14,15.2,1.23,Heart Disease
165,56,Male,27.0,200,97,348,130,5.7,151.4,Former,Heavy,Moderate,1,3,2,90,1,5.4,7.8,4.15,10.4,2.06,Heart Disease
166,45,Female,31.9,129,71,182,112,6.2,186.4,Former,Heavy,High,0,1,1,117,0,0.7,5.6,3.6,17.1,1.41,Breast Cancer
167,46,Female,24.8,104,88,134,87,5.4,293.1,Never,Heavy,Low,0,0,0,141,0,0.1,6.1,6.49,12.4,3.24,Healthy
168,66,Female,37.1,187,106,225,287,10.6,54.5,Former,None,Low,1,1,1,87,0,0.5,6.0,4.75,12.7,0.69,Diabetes
169,50,Male,37.5,152,103,222,120,6.3,107.6,Never,Moderate,Moderate,0,3,1,85,1,6.0,9.2,5.69,8.5,3.34,Heart Disease
170,54,Female,29.1,168,84,314,125,6.3,135.6,Former,None,Low,0,2,2,126,1,5.7,10.4,6.21,13.1,1.86,Heart Disease
171,52,Female,36.3,160,84,253,294,11.7,93.7,Never,Heavy,High,1,0,0,100,0,1.5,9.8,4.71,9.6,0.96,Diabetes
172,47,Male,23.7,159,74,225,120,5.4,120.6,Never,Moderate,High,0,0,0,75,0,0.8,4.5,6.03,12.9,2.07,Breast Cancer
173,25,Female,20.1,114,91,167,71,4.3,290.8,Current,None,Moderate,0,0,0,140,0,0.1,9.2,5.27,13.0,3.42,Healthy
174,58,Female,39.3,123,102,260,92,4.9,52.1,Former,Heavy,Low,0,1,1,141,0,0.4,6.0,4.16,13.0,3.31,Breast Cancer
175,47,Male,31.4,187,70,192,145,8.9,61.3,Former,Heavy,Low,1,1,1,98,0,1.8,8.5,5.92,11.3,1.08,Diabetes
176,62,Male,36.1,175,107,280,113,5.4,84.6,Former,Moderate,Low,1,2,2,112,1,3.1,10.7,6.12,16.1,3.61,Heart Disease
177,40,Female,23.9,134,73,222,116,5.8,148.3,Never,Moderate,Moderate,1,1,1,121,0,0.4,10.3,6.06,9.4,4.68,Breast Cancer
178,75,Male,28.6,178,76,292,126,5.9,242.6,Never,Heavy,High,0,2,1,86,1,5.9,7.9,4.32,15.1,4.89,Heart Disease
179,64,Male,38.8,154,81,163,193,11.3,248.1,Former,None,Moderate,0,0,0,86,0,0.5,5.3,6.37,16.5,1.9,Diabetes
180,41,Male,23.3,122,67,250,114,4.7,94.8,Never,None,Low,1,1,1,118,0,0.5,4.9,5.4,12.2,1.7,Breast Cancer
181,57,Male,33.7,153,67,240,218,6.8,64.8,Never,Moderate,Moderate,1,0,1,121,0,1.4,4.1,3.91,13.1,4.7,Diabetes
182,41,Male,25.6,123,88,200,90,4.1,49.5,Former,Heavy,Moderate,1,0,0,116,0,0.1,9.0,4.71,16.0,0.51,Healthy
183,55,Female,21.3,119,67,188,73,5.2,295.3,Former,None,Low,1,0,0,117,0,0.1,6.6,4.84,15.3,2.86,Healthy
184,64,Female,25.0,115,102,185,112,5.6,282.4,Former,Heavy,High,0,0,1,145,0,1.1,5.2,6.43,13.9,1.1,Breast Cancer
185,70,Female,32.4,192,104,233,103,5.4,281.9,Former,None,High,1,3,1,99,1,3.9,8.1,5.62,11.2,4.2,Heart Disease
186,45,Female,35.4,158,69,206,99,5.6,281.2,Never,None,Moderate,0,0,1,116,0,0.6,6.0,3.82,14.2,3.67,Breast Cancer
187,57,Male,26.5,172,69,262,91,6.4,171.7,Current,Moderate,High,0,3,2,105,1,5.0,9.9,4.3,15.1,2.38,Heart Disease
188,34,Male,35.7,110,76,262,92,5.7,269.5,Never,Moderate,High,1,1,1,101,0,1.0,6.4,6.31,11.3,2.98,Breast Cancer
189,54,Male,26.3,103,106,123,90,5.6,2.1,Former,Moderate,Moderate,0,0,0,163,0,0.1,7.0,5.9,10.9,2.93,Healthy
190,31,Female,35.4,118,73,201,109,6.2,229.2,Never,Moderate,Moderate,0,0,1,111,0,1.2,7.8,5.7,8.7,1.81,Breast Cancer
191,61,Female,32.1,169,60,277,93,6.4,49.1,Never,None,Moderate,0,2,1,137,1,3.2,9.6,6.34,16.0,4.7,Heart Disease
192,51,Male,25.7,154,65,242,110,6.5,37.0,Former,Moderate,Moderate,0,1,1,80,0,0.2,11.0,6.4,10.3,0.9,Breast Cancer
193,55,Female,27.0,169,88,291,110,5.3,217.4,Current,Moderate,High,1,3,1,130,1,1.9,10.3,3.66,18.0,1.42,Heart Disease
194,32,Female,25.9,152,74,202,97,4.9,87.4,Current,None,Low,0,0,0,169,0,0.6,7.0,4.32,8.3,2.68,Breast Cancer
195,38,Male,20.4,123,65,134,76,5.6,131.0,Former,Moderate,Low,1,0,0,113,0,0.0,5.2,3.82,14.2,2.04,Healthy
196,49,Male,36.8,157,80,242,129,6.5,64.0,Never,None,Low,1,2,2,71,1,4.3,9.2,4.05,12.9,3.32,Heart Disease
197,69,Female,23.5,144,109,245,85,5.6,66.9,Never,None,Low,0,1,0,182,0,0.3,10.6,5.3,14.8,4.58,Breast Cancer
198,64,Female,37.1,159,63,233,130,5.8,77.1,Former,Heavy,High,1,3,1,73,1,2.1,8.1,5.35,13.2,4.18,Heart Disease
199,68,Female,38.3,149,83,211,86,5.6,225.8,Never,Moderate,High,0,1,0,155,0,1.4,10.4,4.48,13.4,3.4,Breast Cancer
200,43,Female,24.1,123,103,146,79,5.1,70.4,Former,Heavy,Low,0,0,0,173,0,0.0,5.7,4.11,12.7,1.59,Healthy
201,69,Female,32.4,156,93,333,116,5.8,271.0,Never,Moderate,High,1,3,1,82,1,2.8,7.3,4.05,10.1,1.58,Heart Disease
202,57,Female,28.3,120,62,162,92,4.7,93.1,Former,None,Moderate,0,0,0,129,0,0.3,5.0,4.6,14.9,3.19,Breast Cancer
203,62,Male,33.6,147,100,300,94,6.0,217.2,Current,None,High,0,3,2,88,1,2.3,8.1,4.52,12.2,2.1,Heart Disease
204,70,Female,32.8,165,75,220,103,5.7,111.0,Never,Moderate,High,0,2,1,101,1,3.6,6.3,5.66,13.5,1.38,Heart Disease
205,67,Male,30.5,196,102,324,110,6.2,293.5,Never,Moderate,Moderate,1,3,2,105,1,2.2,8.6,6.39,16.7,2.56,Heart Disease
206,21,Female,27.0,105,93,203,90,5.0,274.2,Never,Heavy,Moderate,0,0,0,119,0,0.1,6.2,5.4,17.3,2.57,Healthy
207,74,Female,37.1,158,71,312,115,5.8,98.9,Former,Heavy,Moderate,1,3,2,73,1,6.0,5.7,3.64,13.6,3.41,Heart Disease
208,70,Female,36.6,198,77,269,95,6.5,72.5,Former,None,Low,0,3,1,78,1,4.9,6.3,3.55,15.0,2.08,Heart Disease
209,52,Female,37.7,150,102,233,129,4.7,191.9,Current,None,Low,0,1,0,118,0,0.2,6.0,5.51,10.7,4.21,Breast Cancer
210,53,Male,30.4,140,84,190,91,5.0,228.2,Former,Moderate,Low,1,1,1,155,0,0.4,4.3,6.21,13.9,4.69,Breast Cancer
211,40,Female,27.1,129,103,159,115,5.0,254.3,Current,Moderate,Moderate,0,0,1,119,0,0.7,9.5,4.51,14.6,1.63,Breast Cancer
212,72,Male,31.8,145,61,279,109,5.4,281.0,Current,Heavy,Moderate,1,3,2,69,1,4.6,7.5,5.51,10.6,4.52,Heart Disease
213,56,Male,27.5,186,72,223,114,5.9,47.5,Never,Moderate,High,1,2,2,114,1,6.1,4.8,5.83,10.3,1.15,Heart Disease
214,32,Female,34.1,127,82,268,72,6.2,262.9,Current,Heavy,Low,0,1,0,78,0,1.2,6.3,4.81,11.3,4.5,Breast Cancer
215,20,Female,23.9,99,63,206,74,4.5,259.1,Current,Moderate,High,0,0,0,80,0,0.2,5.6,4.18,14.1,1.15,Healthy
216,70,Male,26.8,173,69,274,128,6.0,127.3,Former,None,High,1,2,2,116,1,4.6,5.3,4.3,14.0,1.43,Heart Disease
217,60,Female,39.9,116,110,250,74,6.0,70.8,Never,Moderate,High,1,0,1,93,0,0.3,5.0,4.09,12.9,1.65,Breast Cancer
218,74,Male,26.6,188,98,268,104,5.9,291.5,Current,Moderate,High,0,3,1,80,1,2.7,9.0,4.85,11.0,2.9,Heart Disease
219,53,Female,32.1,171,79,293,201,8.1,193.7,Former,None,Low,0,0,1,116,0,0.5,5.1,3.95,14.9,2.85,Diabetes
220,63,Female,31.2,180,100,266,136,6.3,264.3,Never,Moderate,Moderate,1,3,1,94,1,5.4,9.4,5.59,8.9,0.62,Heart Disease
221,40,Male,36.7,151,90,197,128,8.8,54.0,Current,Heavy,Low,1,0,1,99,0,0.6,10.6,3.53,15.5,0.58,Diabetes
222,58,Female,29.5,157,65,237,292,9.1,193.2,Former,None,High,0,0,0,168,0,1.8,7.3,5.61,13.8,0.84,Diabetes
223,59,Female,38.8,135,70,200,289,8.8,98.8,Current,Moderate,Low,1,1,0,132,0,0.7,7.7,6.23,13.1,4.15,Diabetes
224,69,Female,32.0,195,74,333,104,5.6,35.3,Former,Heavy,Low,0,3,2,129,1,5.7,8.0,6.1,14.1,1.4,Heart Disease
225,36,Male,19.6,121,78,187,83,4.7,34.8,Former,Heavy,High,0,0,0,109,0,0.1,9.2,4.35,12.4,1.07,Healthy
226,61,Female,34.1,146,99,290,132,5.6,232.0,Former,Heavy,High,0,2,1,84,1,4.3,8.8,5.3,8.9,1.43,Heart Disease
227,31,Male,27.9,148,109,218,81,5.9,255.8,Current,Heavy,High,0,1,0,187,0,0.1,8.4,6.19,11.3,4.51,Breast Cancer
228,64,Male,35.4,152,73,209,82,6.2,88.0,Former,Heavy,High,1,1,0,77,0,0.1,8.7,5.25,8.5,1.44,Breast Cancer
229,73,Male,32.8,183,97,344,106,6.3,278.0,Current,Heavy,High,1,2,2,94,1,3.2,5.1,6.12,11.7,0.72,Heart Disease
230,44,Female,30.6,181,109,233,235,6.7,241.7,Former,Moderate,High,0,1,0,87,0,1.7,6.0,3.68,10.4,3.48,Diabetes
231,35,Male,26.9,95,110,166,92,5.5,229.6,Former,Moderate,Moderate,0,0,0,129,0,0.0,5.7,4.91,8.5,3.66,Healthy
232,49,Male,26.9,110,101,241,89,6.0,271.1,Former,Moderate,Moderate,0,0,0,102,0,0.9,9.7,4.18,11.7,3.17,Breast Cancer
233,52,Female,26.7,141,76,313,121,5.5,212.5,Current,Moderate,Low,1,2,1,67,1,3.4,10.1,3.97,13.3,2.29,Heart Disease
234,56,Female,38.6,188,83,287,230,8.4,259.5,Current,Heavy,Moderate,1,1,1,70,0,1.3,8.8,5.39,16.7,4.12,Diabetes
235,47,Female,39.9,185,80,217,189,8.7,218.0,Former,Heavy,Low,1,0,0,120,0,0.1,4.1,4.23,10.9,2.55,Diabetes
236,64,Female,32.1,184,66,266,131,9.7,161.5,Never,None,High,1,1,1,119,0,1.6,6.7,3.78,17.8,1.54,Diabetes
237,60,Female,29.2,143,82,222,110,5.1,175.6,Current,None,High,1,3,1,122,1,3.1,9.4,5.41,10.2,2.47,Heart Disease
238,49,Male,37.1,140,68,293,124,6.3,8.1,Never,Moderate,Low,1,3,2,65,1,2.0,5.3,4.81,12.0,1.73,Heart Disease
239,66,Female,44.8,189,73,278,256,8.0,214.7,Former,None,High,1,0,0,134,0,1.3,6.2,3.87,14.2,1.09,Diabetes
240,46,Female,35.7,146,91,288,128,5.1,109.6,Current,Moderate,High,1,2,2,95,1,5.1,4.6,5.7,8.8,2.98,Heart Disease
241,68,Female,28.1,147,74,165,147,7.9,185.9,Current,None,Moderate,1,1,1,127,0,0.7,10.8,4.54,8.3,4.69,Diabetes
242,28,Female,20.3,94,83,149,90,5.1,181.2,Former,None,High,1,0,0,138,0,0.5,5.3,4.07,17.7,4.59,Healthy
243,37,Female,20.8,123,62,192,87,5.0,205.5,Current,Heavy,Moderate,0,0,0,166,0,0.2,10.8,4.17,12.3,2.96,Healthy
244,65,Female,39.0,168,95,273,277,10.4,106.6,Former,None,Moderate,0,0,1,149,0,0.7,8.0,4.12,12.8,1.65,Diabetes
245,67,Female,34.0,147,103,255,211,10.2,156.7,Former,None,Moderate,1,0,0,126,0,1.3,4.7,4.08,17.5,1.51,Diabetes
246,70,Male,25.3,148,66,171,81,5.9,216.8,Current,Heavy,High,0,0,1,182,0,1.4,7.2,5.48,9.1,2.51,Breast Cancer
247,47,Female,26.5,158,109,318,102,5.9,88.3,Current,None,High,1,2,1,130,1,5.1,10.3,6.4,15.7,4.03,Heart Disease
248,55,Female,40.6,148,67,291,277,7.5,45.2,Never,Heavy,High,1,1,1,113,0,0.3,4.7,5.39,12.5,4.42,Diabetes
249,34,Female,31.7,132,75,190,101,6.3,178.0,Current,None,Low,0,1,0,115,0,1.0,8.6,4.18,10.1,0.86,Breast Cancer
250,71,Female,29.0,159,74,278,108,5.5,161.5,Current,Moderate,High,1,2,1,67,1,2.5,8.9,4.55,12.4,2.42,Heart Disease
251,60,Male,42.8,166,102,296,267,7.5,92.4,Current,Heavy,Low,1,1,1,119,0,0.5,8.9,5.2,12.0,3.81,Diabetes
252,45,Female,24.5,115,67,219,77,5.3,130.4,Current,Moderate,Low,0,1,1,174,0,1.5,9.5,5.17,16.2,2.52,Breast Cancer
253,54,Female,24.6,119,85,151,97,4.1,110.7,Former,Heavy,Low,1,0,0,185,0,0.4,4.3,5.59,13.6,4.06,Healthy
254,71,Male,36.7,157,66,348,127,5.1,257.3,Former,Heavy,Low,1,2,2,62,1,3.2,8.3,4.45,8.6,3.51,Heart Disease
255,53,Female,20.9,115,86,186,104,5.0,184.1,Former,None,Moderate,1,0,0,151,0,0.5,7.0,3.95,9.0,4.54,Healthy
256,34,Male,25.5,127,79,152,98,4.3,268.9,Former,Moderate,Moderate,1,0,0,176,0,0.0,6.8,6.44,9.5,3.56,Healthy
257,68,Female,28.7,130,81,168,91,5.9,226.3,Never,None,High,0,0,1,115,0,1.3,8.2,6.02,14.8,4.48,Breast Cancer
258,57,Female,28.2,140,86,283,188,9.1,186.2,Former,None,Moderate,1,0,1,156,0,1.1,6.6,3.6,11.4,3.79,Diabetes
259,58,Female,27.3,150,93,259,132,6.3,216.9,Current,None,High,1,2,1,133,1,3.3,4.5,6.39,13.6,2.63,Heart Disease
260,62,Female,26.8,199,63,300,123,5.5,229.6,Current,None,High,1,2,1,76,1,3.6,8.8,5.87,14.0,1.94,Heart Disease
261,53,Female,36.8,150,76,161,179,10.3,22.6,Former,Moderate,Moderate,1,1,0,155,0,0.4,7.4,4.51,9.9,2.72,Diabetes
262,63,Male,39.3,149,94,293,197,6.9,41.4,Former,Moderate,Moderate,1,0,1,89,0,1.1,5.4,5.14,12.9,4.6,Diabetes
263,53,Female,31.9,142,106,299,122,5.1,64.1,Former,Heavy,Low,0,3,2,107,1,3.6,6.8,6.0,15.0,3.27,Heart Disease
264,68,Male,39.7,131,60,238,166,10.5,22.6,Current,None,Low,0,1,0,81,0,0.4,10.1,3.75,14.0,3.57,Diabetes
265,75,Male,36.4,176,87,328,96,5.9,92.7,Never,None,Moderate,0,2,2,94,1,4.7,7.3,5.18,17.8,2.63,Heart Disease
266,67,Female,29.6,174,92,176,141,11.8,206.9,Current,None,Low,1,0,1,119,0,1.7,8.3,6.4,15.0,1.55,Diabetes
267,30,Female,30.7,134,78,225,114,5.1,242.4,Current,None,Moderate,0,1,0,100,0,0.8,5.2,4.93,12.2,3.92,Breast Cancer
268,62,Female,30.5,180,85,230,103,5.1,244.4,Never,Heavy,Moderate,1,2,1,94,1,4.6,6.3,3.66,12.6,4.9,Heart Disease
269,23,Female,25.1,129,92,202,93,4.1,160.7,Current,Moderate,Moderate,0,0,0,122,0,0.3,8.7,5.33,11.3,1.31,Healthy
270,54,Male,31.5,118,100,259,104,4.7,251.0,Former,Moderate,Low,0,1,0,157,0,0.5,4.7,5.83,16.0,1.57,Breast Cancer
271,50,Male,28.9,189,84,235,180,9.5,105.1,Former,Heavy,High,1,0,1,109,0,0.6,4.7,5.87,12.8,3.03,Diabetes
272,51,Female,34.6,197,103,229,90,5.3,218.5,Former,Heavy,Low,0,2,1,138,1,3.0,5.2,6.05,17.5,2.31,Heart Disease
273,55,Female,29.5,171,102,258,111,5.5,290.1,Former,Moderate,High,1,3,2,72,1,3.9,7.3,4.9,11.3,1.99,Heart Disease
274,43,Male,37.5,146,84,258,97,6.3,222.7,Current,Heavy,Moderate,1,1,0,119,0,1.4,5.0,4.1,15.7,1.33,Breast Cancer
275,58,Female,32.6,186,96,211,298,7.3,78.9,Current,Heavy,Low,1,1,0,81,0,1.3,4.8,3.6,8.7,3.21,Diabetes
276,61,Female,31.8,163,65,333,112,5.5,239.0,Current,Moderate,Low,1,2,1,84,1,3.7,7.6,4.24,8.7,2.84,Heart Disease
277,60,Male,38.6,167,62,299,275,7.2,31.9,Former,None,High,1,0,0,75,0,1.5,6.1,6.48,10.3,4.27,Diabetes
278,40,Female,28.9,149,71,256,100,5.9,29.3,Current,Heavy,High,0,1,1,117,0,0.1,7.8,5.31,11.1,4.25,Breast Cancer
279,59,Male,44.9,188,93,208,188,10.3,28.2,Never,None,High,1,0,0,138,0,0.7,10.9,5.52,16.3,1.87,Diabetes
280,50,Female,27.7,175,107,329,139,6.1,236.0,Former,Heavy,Low,0,2,2,69,1,1.8,4.6,5.3,10.2,4.13,Heart Disease
281,28,Male,18.5,124,73,138,73,4.9,297.2,Former,None,High,0,0,0,145,0,0.5,9.3,5.31,8.8,1.53,Healthy
282,35,Male,30.2,130,75,190,272,11.3,96.8,Current,Heavy,Moderate,1,0,0,71,0,0.7,6.7,5.95,9.4,1.93,Diabetes
283,49,Male,34.2,150,62,220,126,5.2,15.5,Former,Moderate,High,0,3,2,135,1,5.5,5.5,4.77,12.4,4.58,Heart Disease
284,60,Male,28.0,174,97,301,114,5.9,171.1,Never,Moderate,High,1,2,1,71,1,4.3,4.1,6.4,13.9,3.17,Heart Disease
285,51,Female,19.1,92,106,158,81,4.4,70.2,Never,None,Moderate,1,0,0,165,0,0.3,9.9,6.15,9.2,4.93,Healthy
286,38,Male,44.0,166,97,255,225,11.9,222.7,Former,None,Low,1,1,1,70,0,1.9,6.8,3.62,13.6,1.75,Diabetes
287,55,Male,34.7,180,86,170,296,11.6,276.9,Former,Moderate,Low,0,0,0,157,0,0.1,10.3,4.62,16.6,1.44,Diabetes
288,63,Female,39.9,150,71,241,291,8.2,147.8,Current,Heavy,Moderate,1,1,1,152,0,0.2,4.8,5.9,16.9,3.63,Diabetes
289,54,Female,31.6,142,84,273,131,5.4,75.0,Never,Moderate,Low,0,3,1,114,1,5.6,9.6,6.36,11.7,1.3,Heart Disease
290,39,Female,41.3,133,95,220,267,9.4,66.1,Never,None,Low,0,0,1,99,0,0.8,7.3,3.53,17.1,3.2,Diabetes
291,70,Male,30.4,152,60,264,117,5.6,10.2,Current,None,Low,1,2,2,102,1,5.2,7.8,5.64,15.2,4.31,Heart Disease
292,67,Female,27.0,147,68,274,111,5.5,254.6,Current,Heavy,Low,1,3,2,70,1,4.7,6.6,4.86,9.5,4.38,Heart Disease
293,52,Male,26.0,198,65,225,115,5.0,89.7,Never,Heavy,Moderate,1,3,1,69,1,4.0,8.1,5.94,16.1,1.38,Heart Disease
294,26,Male,21.2,127,73,166,78,4.9,297.7,Never,Heavy,Low,1,0,0,159,0,0.1,4.3,4.97,10.5,3.41,Healthy
295,39,Female,31.1,141,104,189,278,11.5,234.4,Never,Heavy,Low,0,1,0,140,0,1.2,4.4,4.84,17.1,0.93,Diabetes
296,61,Female,25.0,148,88,295,104,5.7,272.2,Former,Moderate,Moderate,0,2,2,121,1,4.8,5.1,4.61,13.6,1.51,Heart Disease
297,54,Male,33.2,135,93,292,261,8.8,85.4,Current,Moderate,Low,1,1,0,90,0,0.7,9.3,3.78,16.2,1.24,Diabetes
298,41,Male,44.8,157,92,174,159,6.9,201.8,Former,Heavy,Low,1,1,1,121,0,1.7,4.3,5.24,10.5,4.84,Diabetes
299,40,Male,36.8,122,66,265,70,5.0,54.0,Current,Heavy,High,0,1,1,147,0,0.9,9.5,4.24,9.3,3.04,Breast Cancer
300,59,Male,40.5,163,67,183,192,9.7,104.9,Current,Heavy,Moderate,0,1,0,154,0,0.5,11.0,6.05,8.7,1.61,Diabetes
301,54,Male,26.7,119,75,121,89,5.7,117.4,Former,None,Moderate,0,0,0,169,0,0.4,5.1,4.59,13.8,4.75,Healthy
302,44,Female,34.8,183,110,247,197,7.2,211.1,Former,None,Moderate,1,0,1,87,0,1.7,10.5,3.89,9.2,4.59,Diabetes
303,63,Female,25.5,172,68,344,125,5.9,43.2,Current,None,Moderate,1,2,2,101,1,2.1,7.5,3.6,16.2,3.25,Heart Disease
304,44,Male,32.0,157,93,160,127,9.5,299.3,Former,Heavy,Moderate,1,1,0,78,0,1.2,8.8,5.14,16.1,2.43,Diabetes
305,58,Male,32.3,194,81,283,107,5.2,41.3,Never,Heavy,Moderate,0,2,2,85,1,4.0,6.6,4.73,8.9,2.28,Heart Disease
306,55,Male,35.5,164,70,323,125,5.9,284.7,Former,Moderate,Low,1,2,1,119,1,2.1,6.0,6.39,10.1,3.25,Heart Disease
307,45,Male,39.1,185,105,286,233,9.9,112.6,Former,None,Moderate,1,1,1,99,0,0.4,7.4,3.68,12.6,1.85,Diabetes
308,58,Female,43.1,151,75,200,188,9.2,143.4,Never,Heavy,High,1,1,1,112,0,0.3,9.3,6.35,14.6,2.12,Diabetes
309,47,Male,24.8,130,89,164,77,4.8,291.4,Former,Heavy,Moderate,0,1,0,132,0,0.1,7.1,5.33,12.4,3.09,Breast Cancer
310,45,Female,35.8,173,93,276,114,5.9,76.6,Current,Moderate,Low,1,2,2,131,1,4.8,5.4,5.85,11.4,3.19,Heart Disease
311,45,Female,24.5,98,68,200,102,5.0,96.2,Current,Heavy,High,0,0,0,163,0,0.2,4.3,5.76,10.6,4.78,Healthy
312,58,Male,27.1,159,60,235,101,5.2,118.7,Former,Heavy,Low,0,0,0,169,0,0.4,5.6,3.61,15.4,2.87,Breast Cancer
313,53,Male,27.0,124,68,193,97,4.4,26.8,Never,None,High,1,0,0,109,0,0.1,7.6,3.72,13.5,4.07,Healthy
314,49,Male,36.0,180,88,287,278,9.6,168.0,Current,Heavy,Low,1,1,1,116,0,1.4,9.9,3.96,17.5,1.73,Diabetes
315,40,Male,25.3,118,94,147,97,5.6,220.2,Former,Moderate,Moderate,0,0,0,127,0,0.2,4.7,5.24,12.1,4.28,Healthy
316,49,Male,32.1,155,89,248,73,5.9,290.2,Current,Heavy,Low,0,0,1,171,0,0.7,7.9,5.65,17.7,2.98,Breast Cancer
317,20,Female,19.5,115,96,185,71,5.1,143.8,Never,None,Low,0,0,0,83,0,0.2,8.1,6.36,15.0,4.24,Healthy
318,60,Male,35.1,177,66,246,97,5.7,203.8,Current,None,High,1,2,1,101,1,3.3,7.0,4.04,10.1,4.91,Heart Disease
319,36,Female,36.2,186,107,294,281,8.6,140.2,Former,Heavy,High,1,0,0,93,0,0.9,7.2,6.5,10.7,3.51,Diabetes
320,63,Male,34.7,179,68,234,103,5.3,138.2,Never,Moderate,Moderate,1,3,1,114,1,4.2,7.7,5.07,17.0,1.15,Heart Disease
321,51,Female,39.5,143,77,221,164,10.4,53.8,Current,None,Moderate,0,1,0,95,0,1.7,5.8,5.56,17.7,4.51,Diabetes
322,67,Male,33.0,190,100,237,172,9.4,50.5,Never,None,Low,1,0,1,133,0,0.3,8.3,6.21,12.1,0.65,Diabetes
323,64,Female,36.6,183,98,246,98,5.0,261.5,Never,Heavy,Low,0,3,2,62,1,3.4,5.7,3.76,12.4,3.27,Heart Disease
324,51,Male,32.9,131,109,217,197,10.3,192.2,Never,Heavy,Low,1,0,0,95,0,0.6,7.6,5.06,17.3,3.57,Diabetes
325,35,Female,26.5,120,80,151,81,5.3,182.3,Former,Moderate,High,1,0,0,120,0,0.1,9.2,5.48,12.2,1.71,Healthy
326,53,Male,33.2,152,92,276,104,6.1,31.2,Current,Moderate,Low,0,2,1,138,1,6.0,7.9,5.53,11.5,2.35,Heart Disease
327,36,Male,32.0,157,75,197,226,7.0,223.0,Former,Heavy,Moderate,0,1,1,164,0,1.9,8.6,6.36,12.6,0.58,Diabetes
328,28,Male,23.8,117,88,150,95,4.1,122.6,Former,Moderate,Moderate,0,0,0,118,0,0.5,7.8,5.7,8.9,4.2,Healthy
329,50,Female,30.7,147,62,296,131,5.2,247.6,Never,Moderate,Low,1,2,2,97,1,4.7,7.8,5.81,13.8,4.57,Heart Disease
330,49,Male,29.6,152,108,268,292,9.3,175.4,Never,Moderate,High,0,0,1,179,0,0.2,9.8,4.65,15.6,1.04,Diabetes
331,73,Female,37.3,196,88,294,133,5.5,184.3,Current,Heavy,High,0,2,2,90,1,1.6,10.6,5.71,16.6,4.58,Heart Disease
332,49,Female,32.8,155,76,183,179,8.5,167.7,Never,Heavy,High,0,1,1,169,0,1.7,8.5,6.12,17.8,2.61,Diabetes
333,55,Male,22.0,121,67,123,74,4.2,259.3,Current,Moderate,High,0,0,0,80,0,0.5,10.4,3.82,9.8,1.55,Healthy
334,73,Female,35.2,160,109,294,98,5.9,110.2,Current,Moderate,Low,0,3,1,75,1,5.4,7.1,3.84,13.5,3.27,Heart Disease
335,52,Female,22.8,148,108,270,122,6.5,83.1,Current,Heavy,High,0,1,1,169,0,0.2,9.9,4.67,9.0,3.29,Breast Cancer
336,61,Male,27.0,163,102,340,93,6.2,68.5,Current,Heavy,Low,0,2,1,131,1,6.1,7.9,6.43,13.0,2.73,Heart Disease
337,55,Male,28.9,131,80,182,165,9.0,90.9,Former,None,High,1,1,0,93,0,0.9,4.7,5.43,8.1,3.73,Diabetes
338,54,Male,32.8,154,75,252,133,6.0,241.3,Former,None,Low,1,2,1,99,1,6.2,10.4,6.33,12.3,0.9,Heart Disease
339,32,Male,23.9,90,101,196,93,4.5,206.0,Current,Moderate,Low,1,0,0,113,0,0.1,4.6,4.77,17.1,2.89,Healthy
340,55,Female,40.5,140,67,220,256,8.0,210.1,Current,None,Low,1,1,1,143,0,1.0,10.1,4.43,17.8,3.86,Diabetes
341,32,Female,19.5,123,66,176,92,4.8,138.3,Never,Heavy,Moderate,0,0,0,145,0,0.2,10.9,4.08,15.5,3.04,Healthy
342,70,Male,31.4,148,86,275,121,6.1,274.3,Never,Heavy,High,1,2,1,83,1,4.4,7.8,6.31,14.7,1.84,Heart Disease
343,41,Male,29.5,135,93,170,206,7.9,115.8,Current,None,High,1,1,0,75,0,1.9,8.6,3.9,15.4,1.53,Diabetes
344,58,Female,26.7,197,69,232,104,5.5,133.4,Current,Heavy,Low,1,2,1,71,1,3.3,11.0,5.33,9.7,2.68,Heart Disease
345,39,Male,45.0,141,81,239,185,10.3,80.2,Current,Moderate,High,0,1,1,166,0,2.0,9.0,5.27,12.5,4.35,Diabetes
346,40,Male,21.4,114,85,151,71,4.5,218.9,Former,Heavy,Moderate,0,0,0,193,0,0.0,4.9,5.32,9.3,4.53,Healthy
347,56,Male,43.9,177,90,187,136,10.4,260.9,Never,Moderate,Low,0,1,1,73,0,1.0,6.9,5.01,10.7,4.24,Diabetes
348,66,Female,28.3,141,107,279,96,5.9,5.9,Current,None,Moderate,1,2,1,102,1,2.5,8.1,4.68,10.9,3.57,Heart Disease
349,70,Female,29.2,150,76,170,164,9.1,149.4,Current,Heavy,Moderate,0,1,0,113,0,0.2,8.3,4.91,15.9,2.27,Diabetes
350,32,Male,26.8,116,104,235,112,5.7,245.3,Current,Moderate,Moderate,0,0,1,156,0,0.8,7.2,5.56,17.4,2.56,Breast Cancer
351,32,Female,32.7,148,66,166,108,6.3,70.2,Former,None,Low,0,0,0,158,0,1.3,7.4,5.98,13.0,0.94,Breast Cancer
352,66,Male,43.6,180,96,294,265,7.9,251.8,Never,Moderate,Moderate,0,0,1,139,0,0.2,10.7,4.9,13.2,3.16,Diabetes
353,38,Female,25.9,93,86,189,84,5.0,174.8,Current,Heavy,Low,0,0,0,100,0,0.0,9.7,5.71,10.4,1.74,Healthy
354,59,Male,25.9,128,106,150,82,5.7,18.0,Current,None,High,0,0,1,188,0,0.8,8.9,3.52,9.7,3.76,Breast Cancer
355,26,Male,21.3,109,78,201,88,4.9,265.3,Never,Moderate,Low,0,0,0,98,0,0.0,10.3,5.77,14.2,3.32,Healthy
356,47,Male,31.8,132,64,237,80,6.5,109.9,Current,Moderate,Moderate,0,1,0,89,0,0.7,5.0,5.82,11.9,2.33,Breast Cancer
357,72,Male,27.8,159,99,326,105,5.1,87.5,Current,None,Moderate,1,3,2,86,1,2.2,8.8,4.33,16.3,4.2,Heart Disease
358,32,Female,21.3,103,105,145,86,4.1,293.9,Former,None,Moderate,1,0,0,102,0,0.1,9.8,3.52,13.4,3.52,Healthy
359,45,Female,30.2,167,85,332,129,5.4,62.7,Current,Moderate,Low,0,2,1,76,1,1.7,10.0,4.68,16.2,3.56,Heart Disease
360,64,Male,33.0,159,72,258,74,5.2,180.3,Never,Moderate,Moderate,0,0,0,107,0,0.3,8.5,3.88,14.0,1.24,Breast Cancer
361,55,Female,36.0,139,69,267,128,6.3,195.1,Current,Moderate,Low,1,1,1,91,0,0.9,4.0,4.91,12.1,1.37,Breast Cancer
362,38,Male,32.8,165,106,258,153,10.9,166.0,Current,None,Moderate,1,0,1,162,0,1.8,7.2,6.22,16.7,4.61,Diabetes
363,63,Male,36.5,186,69,308,91,6.4,30.3,Never,Moderate,High,1,2,2,102,1,2.0,10.1,5.26,9.5,3.35,Heart Disease
364,43,Male,26.3,122,104,122,103,4.4,101.5,Former,None,High,0,0,0,146,0,0.2,9.1,3.75,14.3,3.59,Healthy
365,52,Male,22.8,158,90,223,70,6.1,214.9,Current,None,Moderate,0,1,1,144,0,1.1,9.0,5.33,14.1,4.69,Breast Cancer
366,42,Female,32.0,150,110,207,132,7.5,34.5,Former,Heavy,High,1,1,0,157,0,1.2,9.2,3.83,15.6,3.9,Diabetes
367,71,Female,27.5,198,98,276,98,5.5,114.1,Never,Moderate,High,1,2,2,131,1,6.0,9.1,4.36,11.3,3.57,Heart Disease
368,71,Male,35.8,186,95,274,137,5.6,73.9,Former,None,High,1,3,1,132,1,4.9,9.8,5.26,10.5,4.44,Heart Disease
369,66,Male,26.0,144,63,228,110,5.4,294.0,Current,None,Moderate,1,2,2,135,1,3.9,10.8,3.53,16.1,1.31,Heart Disease
370,71,Female,25.6,169,81,307,136,6.0,52.6,Former,Moderate,High,0,2,1,64,1,2.1,7.8,5.89,17.4,0.9,Heart Disease
371,52,Female,32.8,176,92,280,102,6.1,266.7,Never,Heavy,High,1,3,1,75,1,4.8,8.8,6.4,8.7,3.91,Heart Disease
372,68,Male,36.0,160,97,184,75,4.7,55.9,Current,None,Moderate,0,0,0,103,0,0.7,5.2,4.57,9.3,1.39,Breast Cancer
373,41,Male,29.1,145,78,274,190,10.9,144.5,Current,Moderate,Moderate,1,0,0,151,0,0.2,7.1,6.01,12.8,1.54,Diabetes
374,55,Female,34.9,180,102,224,287,8.6,185.6,Former,Heavy,Moderate,0,0,0,117,0,1.5,8.6,5.22,11.0,2.5,Diabetes
375,37,Female,38.7,179,109,259,188,9.8,174.9,Former,None,High,1,1,0,81,0,0.4,5.4,6.35,12.8,4.94,Diabetes
376,64,Female,31.4,161,91,228,134,5.6,178.0,Current,Heavy,Low,0,3,1,79,1,2.0,5.7,6.44,10.1,3.32,Heart Disease
377,70,Male,34.8,143,95,259,137,7.4,191.3,Current,None,Moderate,1,1,1,165,0,0.6,4.9,5.89,11.8,2.01,Diabetes
378,59,Male,31.9,146,92,286,139,6.2,190.8,Never,Heavy,Low,1,3,2,90,1,2.8,8.3,5.65,10.2,0.95,Heart Disease
379,57,Male,29.5,182,86,166,243,9.5,89.6,Never,Heavy,Low,1,0,1,164,0,1.7,10.8,4.62,16.9,1.18,Diabetes
380,69,Male,42.2,182,72,282,256,7.3,191.0,Current,Moderate,Low,1,1,1,87,0,1.2,4.5,5.73,13.9,2.15,Diabetes
381,63,Male,34.1,163,63,171,289,8.0,112.0,Never,Heavy,Low,1,1,1,122,0,1.6,10.0,4.05,16.0,3.73,Diabetes
382,37,Female,19.8,103,97,208,76,5.3,260.3,Current,Heavy,Moderate,0,0,0,195,0,0.0,9.9,4.58,8.3,4.61,Healthy
383,62,Female,36.5,190,82,337,90,6.0,157.9,Current,Heavy,Low,1,2,1,108,1,5.9,9.3,4.82,9.6,1.81,Heart Disease
384,57,Male,28.7,141,88,299,234,11.3,124.0,Former,Heavy,Low,1,0,1,86,0,1.4,8.6,4.65,14.0,3.83,Diabetes
385,51,Female,25.8,148,71,289,110,5.7,5.0,Never,None,Low,1,2,1,113,1,2.4,8.8,3.63,8.7,0.68,Heart Disease
386,50,Female,34.9,144,73,229,122,6.1,276.8,Former,None,Moderate,1,3,2,134,1,1.6,5.3,4.27,14.7,3.41,Heart Disease
387,60,Male,33.0,181,68,166,289,7.0,281.9,Current,Heavy,High,0,0,0,153,0,1.2,5.7,4.02,14.6,4.39,Diabetes
388,41,Male,33.8,184,95,197,238,8.0,293.4,Current,Heavy,Moderate,1,0,1,89,0,0.7,9.8,5.67,17.0,1.89,Diabetes
389,54,Male,30.2,165,107,196,215,9.0,289.4,Never,Heavy,High,1,1,1,155,0,1.1,7.5,6.11,9.6,0.67,Diabetes
390,62,Male,25.4,170,82,308,133,5.9,123.4,Never,Heavy,High,0,2,1,140,1,3.7,8.5,4.01,12.8,3.66,Heart Disease
391,62,Female,29.8,198,110,266,133,5.5,269.2,Former,None,Moderate,1,3,1,80,1,3.0,8.5,5.27,14.2,0.79,Heart Disease
392,50,Male,35.7,129,96,166,130,4.6,42.5,Never,None,Moderate,1,1,0,150,0,0.3,9.9,3.76,11.7,4.8,Breast Cancer
393,58,Male,35.1,184,101,345,102,5.8,72.3,Never,None,Low,1,3,2,109,1,2.0,10.3,5.59,11.4,3.67,Heart Disease
394,60,Male,41.6,180,80,196,136,10.6,3.1,Current,None,Low,0,1,0,148,0,1.9,5.9,4.9,13.3,2.0,Diabetes
395,20,Male,19.9,101,85,170,98,4.6,117.0,Never,Moderate,Moderate,0,0,0,126,0,0.2,8.9,4.76,10.5,2.62,Healthy
396,41,Male,18.8,115,71,133,81,4.5,200.9,Former,Heavy,High,0,0,0,125,0,0.3,4.5,4.46,14.6,0.88,Healthy
397,50,Male,31.7,181,103,291,92,6.2,63.0,Current,Heavy,Low,1,2,1,138,1,4.6,7.1,3.53,11.5,3.08,Heart Disease
398,38,Male,33.2,157,83,243,289,11.5,146.6,Former,Heavy,Low,0,1,1,170,0,1.8,10.8,4.45,11.7,1.78,Diabetes
399,28,Female,19.7,117,104,155,74,5.1,276.2,Former,None,Moderate,1,0,0,133,0,0.2,5.5,6.37,16.2,2.37,Healthy
400,72,Female,29.4,193,105,264,99,6.4,265.2,Never,Moderate,Moderate,0,2,1,126,1,2.9,7.7,4.12,8.8,1.95,Heart Disease
401,69,Male,36.8,118,74,255,115,6.4,249.0,Former,Moderate,High,0,1,0,171,0,1.1,8.2,6.12,17.1,2.06,Breast Cancer
402,26,Female,25.1,102,80,154,97,4.7,46.0,Never,Heavy,Low,0,0,0,118,0,0.2,8.8,5.62,10.6,4.79,Healthy
403,75,Female,35.7,199,85,291,110,5.1,80.0,Former,None,High,0,2,1,125,1,4.4,10.8,5.89,17.4,1.07,Heart Disease
404,26,Female,22.7,122,81,121,102,4.3,173.1,Never,Heavy,High,0,0,0,128,0,0.1,4.8,5.89,16.1,2.16,Healthy
405,53,Female,27.1,133,99,186,128,5.2,87.6,Never,Moderate,Moderate,0,0,1,109,0,0.2,4.9,4.44,8.9,2.75,Breast Cancer
406,27,Female,25.7,129,77,167,78,5.5,81.8,Never,Moderate,Low,0,0,0,97,0,0.3,8.7,4.66,12.3,2.07,Healthy
407,47,Male,39.9,150,90,169,274,8.3,199.5,Former,None,Low,1,0,1,160,0,1.6,4.0,4.27,10.4,4.11,Diabetes
408,28,Male,22.2,120,99,137,89,4.7,285.5,Current,Moderate,Moderate,0,0,0,113,0,0.3,7.7,5.6,12.3,0.8,Healthy
409,70,Female,32.8,200,65,222,106,5.9,244.2,Never,Moderate,High,0,3,1,135,1,5.4,8.9,6.06,9.3,1.51,Heart Disease
410,48,Female,32.1,151,95,218,258,9.7,211.1,Never,Heavy,Moderate,1,1,0,74,0,0.3,4.3,6.37,16.4,4.23,Diabetes
411,55,Male,30.1,198,109,233,100,6.0,182.8,Current,None,Moderate,1,3,1,82,1,2.1,7.7,4.08,16.0,2.73,Heart Disease
412,62,Female,31.6,131,108,185,123,5.9,171.8,Current,Heavy,Low,1,0,1,103,0,0.5,5.5,5.19,17.9,4.83,Breast Cancer
413,62,Female,30.6,147,68,298,96,5.3,173.5,Former,None,High,1,2,2,136,1,4.1,11.0,5.61,12.9,2.25,Heart Disease
414,48,Female,20.5,102,86,138,97,4.1,23.9,Current,None,Moderate,1,0,0,111,0,0.4,7.7,4.12,14.6,4.63,Healthy
415,52,Female,22.9,121,76,161,102,5.7,230.8,Current,None,High,0,0,0,95,0,0.4,6.0,5.3,13.6,2.76,Healthy
416,36,Female,35.1,163,84,234,282,11.1,120.9,Never,Heavy,Low,0,0,0,153,0,0.9,6.7,5.61,8.9,1.4,Diabetes
417,51,Female,24.4,152,89,204,81,5.2,33.9,Never,Heavy,Low,1,1,1,103,0,1.1,7.4,6.0,11.1,0.53,Breast Cancer
418,35,Male,41.5,189,67,297,138,8.4,141.7,Current,Heavy,High,1,0,1,152,0,0.4,10.4,5.76,17.1,0.65,Diabetes
419,50,Male,29.0,156,60,220,106,6.1,33.0,Former,Moderate,Low,0,1,0,132,0,0.6,4.9,4.46,10.3,1.84,Breast Cancer
420,58,Female,28.5,168,63,165,196,9.4,182.9,Current,None,Low,1,0,1,82,0,1.9,6.0,4.63,8.6,3.16,Diabetes
421,70,Female,35.6,150,101,193,247,7.4,100.2,Never,Moderate,Low,1,1,1,142,0,1.1,8.9,4.54,9.7,4.83,Diabetes
422,70,Female,32.3,155,86,240,138,5.9,160.2,Current,None,High,0,3,1,83,1,3.3,11.0,6.29,18.0,0.58,Heart Disease
423,68,Male,36.6,144,109,200,279,10.5,267.4,Former,None,Moderate,1,1,0,143,0,1.8,8.2,5.13,14.0,1.03,Diabetes
424,53,Male,35.9,162,77,272,106,5.8,199.6,Current,Heavy,High,0,3,1,133,1,4.8,9.8,5.74,14.4,0.99,Heart Disease
425,46,Female,44.0,169,77,291,168,10.3,10.3,Current,Heavy,Moderate,1,1,1,173,0,1.9,7.5,5.51,10.8,2.79,Diabetes
426,60,Female,32.8,146,62,259,91,4.7,260.2,Never,Heavy,Moderate,1,1,0,113,0,1.5,7.7,4.83,12.3,3.43,Breast Cancer
427,64,Female,24.3,141,93,186,78,5.5,232.2,Current,Heavy,High,1,1,1,120,0,1.4,8.6,6.23,14.8,2.31,Breast Cancer
428,37,Female,19.0,101,62,179,97,4.1,191.3,Current,None,High,0,0,0,148,0,0.2,4.2,4.29,11.3,3.14,Healthy
429,75,Female,28.0,200,92,322,113,6.5,118.5,Current,Heavy,High,0,2,1,64,1,2.8,7.3,6.18,12.6,3.08,Heart Disease
430,68,Male,26.8,165,92,315,114,6.5,9.9,Never,None,High,1,2,1,89,1,2.0,11.0,4.39,15.4,1.48,Heart Disease
431,66,Female,36.6,199,79,286,139,5.9,139.3,Former,Heavy,High,1,3,2,119,1,6.2,8.8,4.89,14.5,3.16,Heart Disease
432,52,Female,37.4,122,72,262,83,6.4,149.0,Never,Moderate,High,0,1,1,90,0,0.6,6.1,4.61,9.3,1.75,Breast Cancer
433,55,Male,33.7,153,65,270,121,4.9,20.4,Never,None,Moderate,0,1,1,156,0,1.4,6.5,4.52,14.1,3.09,Breast Cancer
434,37,Male,32.2,145,76,280,174,10.5,36.4,Current,Moderate,Low,0,1,1,168,0,0.1,7.0,6.19,17.9,1.1,Diabetes
435,55,Female,35.6,186,70,259,114,5.0,42.6,Former,Moderate,High,0,3,1,87,1,2.8,4.8,5.5,9.1,3.2,Heart Disease
436,60,Female,39.3,157,81,192,298,7.4,97.8,Never,Moderate,Moderate,0,1,1,95,0,1.4,8.4,4.11,9.2,0.56,Diabetes
437,57,Male,39.2,172,67,206,237,7.7,157.5,Never,Moderate,Low,0,0,0,106,0,0.6,8.2,3.69,10.1,2.64,Diabetes
438,75,Male,37.3,152,94,251,133,5.4,106.0,Current,Moderate,High,1,3,2,65,1,4.1,6.1,5.99,17.2,0.88,Heart Disease
439,66,Female,28.8,127,88,193,113,4.7,30.6,Current,None,Moderate,1,0,0,147,0,0.9,6.8,5.59,14.2,1.17,Breast Cancer
440,66,Male,42.8,158,97,283,155,9.5,195.5,Former,None,High,1,0,0,114,0,0.6,5.6,5.2,16.8,1.38,Diabetes
441,55,Female,33.3,159,84,254,119,6.3,265.9,Current,Heavy,Moderate,1,2,1,124,1,2.8,4.3,5.2,13.3,1.86,Heart Disease
442,53,Male,28.5,136,76,242,136,7.5,3.0,Current,None,High,0,0,1,180,0,1.4,9.6,5.51,11.0,4.96,Diabetes
443,51,Male,25.8,99,62,204,70,4.5,206.5,Current,Heavy,Moderate,0,0,0,140,0,0.3,5.5,5.78,15.9,4.33,Healthy
444,58,Female,33.4,150,93,313,101,6.5,49.5,Former,Moderate,High,0,3,2,118,1,2.8,8.8,4.84,9.5,4.7,Heart Disease
445,46,Female,18.8,111,110,153,77,4.3,298.7,Former,Heavy,High,0,0,0,125,0,0.5,4.6,3.5,14.9,2.33,Healthy
446,50,Female,20.7,96,110,195,101,4.6,14.6,Current,Heavy,Moderate,0,0,0,153,0,0.4,7.7,4.3,13.4,1.03,Healthy
447,64,Male,37.1,176,68,326,109,6.5,231.0,Former,Moderate,Low,0,2,2,71,1,2.0,9.1,5.61,8.4,1.34,Heart Disease
448,69,Male,33.8,169,77,302,139,5.6,133.6,Current,Moderate,Low,0,3,1,125,1,5.4,7.2,4.07,12.9,3.58,Heart Disease
449,73,Male,30.2,183,90,344,92,6.0,103.6,Current,None,High,1,3,1,140,1,4.4,9.0,4.84,16.6,3.25,Heart Disease
450,52,Female,18.8,110,64,202,72,5.2,221.2,Current,Moderate,Moderate,0,0,0,177,0,0.3,8.5,6.23,18.0,1.47,Healthy
451,63,Male,32.6,111,88,267,120,6.0,288.8,Former,None,High,0,1,0,107,0,1.2,9.4,6.43,16.9,4.83,Breast Cancer
452,45,Male,39.4,122,95,179,109,4.6,86.0,Current,Moderate,Moderate,1,0,1,185,0,1.0,10.8,6.19,14.5,4.34,Breast Cancer
453,56,Male,31.3,166,81,249,137,5.7,276.1,Former,None,High,0,3,1,104,1,4.2,5.1,6.17,14.5,3.42,Heart Disease
454,67,Male,30.4,176,77,262,295,8.7,204.2,Former,Moderate,High,0,0,0,91,0,0.6,8.9,4.57,12.2,1.16,Diabetes
455,68,Male,28.5,176,68,261,130,6.0,203.5,Current,None,High,1,3,1,109,1,4.2,10.0,4.45,16.3,1.48,Heart Disease
456,60,Female,39.0,146,65,209,136,11.0,289.7,Current,None,Low,1,1,0,141,0,1.5,9.4,5.89,17.8,3.74,Diabetes
457,40,Male,25.6,101,104,187,104,4.9,7.2,Former,Heavy,High,0,0,0,198,0,0.4,7.2,3.64,17.2,1.77,Healthy
458,51,Male,25.8,175,95,310,110,6.1,107.3,Current,Heavy,Moderate,1,3,1,95,1,4.4,4.3,5.35,17.9,2.18,Heart Disease
459,45,Female,39.1,134,65,191,255,9.2,276.7,Former,Heavy,Moderate,1,0,0,161,0,0.1,6.4,4.99,13.6,3.85,Diabetes
460,55,Male,28.9,176,97,337,99,5.1,267.7,Former,None,Low,1,3,2,66,1,2.8,7.5,4.16,17.7,1.65,Heart Disease
461,36,Male,26.0,110,95,187,93,5.3,165.6,Never,Heavy,Low,0,0,0,161,0,0.5,4.6,4.25,17.9,2.12,Healthy
462,65,Female,32.6,170,100,263,189,7.3,298.2,Never,Heavy,Moderate,0,0,1,168,0,1.7,8.9,4.76,14.7,0.82,Diabetes
463,26,Female,18.9,122,107,190,70,4.7,41.6,Former,None,Moderate,0,0,0,102,0,0.0,8.7,3.69,17.0,4.85,Healthy
464,52,Female,33.9,153,93,261,270,11.7,282.8,Former,None,Low,1,1,0,111,0,0.3,5.6,5.62,8.6,1.62,Diabetes
465,58,Male,32.0,153,79,320,134,5.1,148.5,Never,Moderate,High,1,2,1,65,1,5.3,5.9,5.12,11.1,3.5,Heart Disease
466,44,Male,20.1,90,86,143,76,5.1,127.5,Never,Moderate,Low,0,0,0,121,0,0.4,4.1,5.22,16.6,1.5,Healthy
467,55,Female,27.4,125,80,197,94,4.8,281.3,Former,Heavy,Low,0,0,0,106,0,0.7,6.7,3.57,13.3,3.86,Breast Cancer
468,43,Male,29.9,159,66,228,94,5.0,11.5,Former,Moderate,High,1,1,0,81,0,0.5,9.3,4.33,13.7,4.73,Breast Cancer
469,46,Female,28.1,186,102,332,131,6.3,184.1,Never,Moderate,Low,0,3,2,108,1,6.0,8.5,3.84,12.7,1.61,Heart Disease
470,70,Female,34.3,196,89,220,137,5.3,218.9,Never,Heavy,Moderate,1,3,1,112,1,5.5,8.1,6.17,8.7,2.07,Heart Disease
471,74,Male,37.6,150,90,296,125,5.4,98.5,Former,Moderate,Low,0,2,1,122,1,4.2,9.5,4.17,16.8,3.7,Heart Disease
472,48,Male,24.2,95,85,147,104,4.5,155.7,Former,Heavy,High,0,0,0,165,0,0.2,4.3,4.19,12.6,2.61,Healthy
473,46,Female,33.3,182,67,257,108,5.4,18.3,Former,Moderate,High,1,3,2,86,1,6.2,5.6,6.19,9.9,1.7,Heart Disease
474,70,Female,42.7,189,106,234,180,8.8,15.7,Former,Moderate,High,1,0,0,111,0,0.9,7.5,3.64,14.3,4.41,Diabetes
475,62,Male,22.4,112,103,174,123,4.9,183.0,Never,None,High,0,1,1,81,0,1.3,8.0,4.88,16.9,1.56,Breast Cancer
476,58,Female,30.8,161,79,269,93,5.9,108.8,Former,Moderate,Moderate,1,3,1,75,1,3.4,9.6,6.41,16.4,4.37,Heart Disease
477,49,Male,34.1,195,69,287,101,6.5,262.9,Former,Moderate,High,1,2,1,123,1,5.7,5.0,4.39,13.3,2.56,Heart Disease
478,60,Female,27.0,141,83,227,93,6.4,47.9,Former,None,Low,0,2,1,137,1,5.9,7.4,6.28,9.7,4.44,Heart Disease
479,34,Female,25.7,114,110,140,86,5.3,171.9,Former,None,High,0,0,0,185,0,0.4,7.4,5.53,14.3,1.65,Healthy
480,65,Female,37.9,166,74,228,269,9.1,299.0,Former,Heavy,Low,1,1,1,167,0,0.8,5.4,6.33,11.6,0.72,Diabetes
481,52,Female,26.9,105,107,171,74,5.6,24.2,Never,Heavy,High,0,0,0,163,0,0.4,10.9,5.94,10.5,2.7,Healthy
482,63,Male,32.7,195,65,343,107,6.3,240.8,Current,Moderate,Moderate,0,2,2,90,1,4.9,6.3,5.35,9.8,3.77,Heart Disease
483,54,Male,32.8,174,76,248,140,6.1,114.5,Never,Moderate,High,0,3,1,74,1,2.0,8.7,4.62,17.7,1.5,Heart Disease
484,46,Male,30.1,185,96,256,281,9.3,19.6,Never,Heavy,Moderate,1,0,1,136,0,2.0,4.7,3.85,13.0,4.98,Diabetes
485,62,Male,25.5,122,75,245,70,5.5,275.7,Current,Moderate,Low,0,0,1,89,0,0.7,4.0,4.47,10.3,2.37,Breast Cancer
486,52,Male,25.5,157,101,228,115,6.1,284.0,Never,Moderate,Low,1,3,2,133,1,2.4,5.7,6.47,12.9,1.16,Heart Disease
487,23,Female,21.1,112,70,191,103,4.7,263.5,Current,None,Moderate,0,0,0,197,0,0.2,5.1,4.59,14.1,3.98,Healthy
488,56,Female,27.0,166,67,248,119,6.0,270.8,Never,Moderate,High,0,2,2,100,1,1.8,4.7,6.45,15.3,4.89,Heart Disease
489,67,Male,28.5,191,78,287,127,6.0,206.1,Current,None,Low,0,3,2,95,1,6.2,8.3,3.78,13.3,4.83,Heart Disease
490,45,Male,25.8,161,87,243,117,6.4,106.1,Current,Heavy,Low,1,3,2,123,1,5.3,8.1,6.26,13.1,0.96,Heart Disease
491,66,Female,28.9,148,105,267,115,6.3,14.9,Never,Moderate,Low,0,0,0,157,0,0.4,4.2,4.94,11.6,3.57,Breast Cancer
492,58,Female,25.8,187,100,305,92,5.7,297.1,Current,Moderate,Moderate,0,2,2,65,1,4.5,9.5,4.63,9.3,0.8,Heart Disease
493,54,Female,32.4,144,103,169,80,5.7,136.6,Current,None,Moderate,0,1,1,105,0,1.0,8.9,5.12,17.5,4.64,Breast Cancer
494,40,Male,29.8,184,91,238,218,9.9,151.8,Current,None,Moderate,1,1,1,135,0,0.6,10.1,6.21,16.4,1.76,Diabetes
495,55,Male,19.4,126,100,127,100,4.1,153.1,Current,Heavy,High,1,0,0,169,0,0.4,4.3,4.04,13.9,1.83,Healthy
496,39,Male,33.5,154,67,198,86,5.3,184.2,Current,Heavy,Moderate,0,1,0,136,0,1.2,6.7,4.55,15.1,1.15,Breast Cancer
497,70,Male,25.6,137,97,229,84,6.2,45.6,Never,None,High,0,0,1,165,0,1.4,7.7,5.37,14.6,3.14,Breast Cancer
498,60,Female,29.0,179,70,186,199,10.1,297.8,Current,Moderate,High,1,1,0,141,0,0.8,7.7,5.62,14.2,4.62,Diabetes
499,60,Male,30.5,147,97,287,300,10.7,284.7,Former,None,High,0,1,1,137,0,1.8,7.4,5.02,12.4,3.53,Diabetes
500,54,Female,33.0,161,78,222,98,5.2,234.3,Never,Moderate,Moderate,1,2,2,67,1,4.7,6.3,4.56,13.4,0.54,Heart Disease
501,32,Female,21.1,96,105,161,104,4.1,63.8,Current,Moderate,Low,0,0,0,161,0,0.3,6.0,5.8,11.5,5.0,Healthy
502,36,Female,29.4,167,84,200,289,9.9,280.8,Current,Moderate,Moderate,1,1,1,79,0,1.7,6.3,3.78,13.5,4.59,Diabetes
503,51,Male,29.6,127,108,215,74,4.7,125.5,Current,None,Low,0,1,0,82,0,1.0,5.1,3.92,11.4,1.76,Breast Cancer
504,55,Female,20.0,94,82,185,76,4.3,281.8,Never,Moderate,Moderate,0,0,0,192,0,0.1,10.0,4.77,10.6,3.18,Healthy
505,37,Female,21.3,104,73,154,80,4.2,209.3,Never,None,Low,1,0,0,162,0,0.4,10.2,4.18,8.9,1.28,Healthy
506,52,Male,29.4,156,75,266,102,5.4,192.7,Former,Moderate,High,1,2,2,103,1,4.1,5.3,4.81,8.4,4.23,Heart Disease
507,46,Female,35.5,178,105,290,133,5.8,18.9,Former,None,Moderate,0,3,2,74,1,2.5,7.6,4.09,8.9,3.28,Heart Disease
508,61,Male,44.9,182,83,258,140,7.3,59.0,Current,Moderate,Moderate,1,0,1,71,0,0.1,6.4,4.02,11.0,3.89,Diabetes
509,58,Female,33.1,160,64,244,104,5.2,51.1,Current,None,High,0,1,0,105,0,0.1,6.4,4.59,10.5,1.72,Breast Cancer
510,58,Female,30.5,159,61,241,258,8.8,89.6,Current,Moderate,Moderate,0,0,0,87,0,0.1,4.7,4.65,16.8,1.15,Diabetes
511,61,Female,39.5,130,66,169,120,5.5,128.5,Current,Moderate,Low,1,0,0,126,0,0.5,6.7,6.12,17.8,1.31,Breast Cancer
512,22,Female,25.6,99,70,184,75,5.0,38.2,Current,Moderate,Low,0,0,0,152,0,0.0,4.8,5.42,8.6,3.42,Healthy
513,64,Female,35.9,132,94,232,123,4.6,206.9,Never,None,High,1,0,0,157,0,1.1,10.2,3.9,17.9,4.83,Breast Cancer
514,45,Female,26.1,134,71,178,122,5.5,75.3,Never,None,Low,0,1,1,156,0,0.2,4.5,3.76,9.3,4.22,Breast Cancer
515,55,Female,34.7,170,102,185,295,9.5,38.4,Current,None,Low,1,1,1,84,0,1.1,4.1,4.76,8.2,4.81,Diabetes
516,67,Female,29.2,174,81,238,93,6.3,136.6,Current,None,Low,0,2,1,134,1,4.0,6.6,5.69,9.1,3.72,Heart Disease
517,68,Female,26.6,128,81,210,115,5.9,292.1,Current,None,Moderate,0,1,0,173,0,0.5,6.3,3.52,10.3,4.21,Breast Cancer
518,47,Female,37.4,126,60,176,122,4.5,219.4,Former,None,Low,1,0,1,129,0,0.9,6.6,3.98,14.8,4.75,Breast Cancer
519,58,Male,30.4,166,105,228,100,5.5,14.1,Current,Heavy,Low,1,3,1,100,1,2.9,10.1,5.48,8.4,2.38,Heart Disease
520,61,Male,32.5,158,102,280,257,8.8,36.6,Current,Heavy,High,1,0,1,172,0,0.0,10.0,6.3,17.3,3.21,Diabetes
521,69,Male,41.1,142,79,184,163,11.2,21.3,Never,Heavy,High,1,0,1,80,0,1.1,5.3,3.7,13.4,0.69,Diabetes
522,61,Male,36.6,156,66,308,128,5.7,185.2,Current,Heavy,Moderate,0,2,1,87,1,1.8,8.8,5.4,11.0,4.97,Heart Disease
523,38,Female,32.4,145,89,207,153,8.4,32.6,Never,Moderate,Moderate,1,1,0,100,0,0.2,5.8,5.26,16.7,0.97,Diabetes
524,45,Female,25.2,117,70,174,97,4.3,152.9,Current,Moderate,High,0,0,0,182,0,0.4,10.3,5.6,13.1,4.92,Healthy
525,54,Male,37.6,140,60,243,113,5.2,62.3,Former,None,Low,1,2,2,72,1,4.0,7.9,6.45,16.7,4.46,Heart Disease
526,53,Male,28.4,149,79,194,79,4.8,125.8,Former,None,High,1,1,0,138,0,0.2,9.7,4.57,14.4,4.63,Breast Cancer
527,72,Male,25.6,157,103,314,107,5.9,74.9,Never,None,Moderate,1,2,1,68,1,5.1,9.8,6.43,12.0,3.95,Heart Disease
528,51,Male,24.0,118,69,177,109,5.6,212.6,Never,Heavy,Moderate,1,1,1,128,0,1.3,4.8,6.09,10.5,2.31,Breast Cancer
529,35,Female,35.7,127,109,184,90,5.0,264.7,Current,Moderate,Moderate,0,0,0,139,0,1.2,4.5,3.9,12.3,1.99,Breast Cancer
530,44,Male,18.6,119,101,120,96,4.8,266.4,Never,None,Low,0,0,0,185,0,0.2,9.8,4.16,13.6,1.58,Healthy
531,61,Female,35.7,137,62,205,295,7.2,266.2,Former,Heavy,High,1,1,0,124,0,1.3,5.3,5.24,10.0,2.51,Diabetes
532,56,Male,36.7,119,107,188,96,5.3,116.0,Current,None,High,0,1,0,175,0,0.3,10.6,4.12,15.7,1.24,Breast Cancer
533,40,Male,34.3,185,86,169,220,11.4,228.1,Never,Moderate,High,1,0,1,178,0,0.9,10.9,4.55,10.0,2.3,Diabetes
534,52,Male,33.4,200,73,344,133,5.8,248.6,Current,None,Moderate,1,3,1,112,1,6.0,9.0,4.1,17.7,4.6,Heart Disease
535,57,Female,34.4,167,80,182,243,9.9,268.7,Former,None,Low,1,0,1,125,0,1.1,5.7,5.45,8.7,4.39,Diabetes
536,60,Female,30.4,188,90,280,117,6.1,11.9,Current,Moderate,High,1,3,2,72,1,3.7,7.7,5.87,9.4,1.81,Heart Disease
537,69,Male,28.6,151,74,167,237,7.9,162.7,Current,None,High,1,1,1,158,0,0.3,7.3,5.53,16.4,1.6,Diabetes
538,41,Female,42.2,140,104,279,238,9.3,5.8,Current,Moderate,Low,1,0,1,138,0,1.6,8.1,6.41,9.2,4.02,Diabetes
539,54,Female,36.7,129,109,264,116,6.1,165.1,Current,Moderate,Low,0,1,0,115,0,0.6,8.1,4.88,10.6,4.12,Breast Cancer
540,51,Female,36.2,122,74,245,120,6.2,36.9,Former,Heavy,Low,0,0,1,91,0,1.5,8.3,6.4,12.4,1.66,Breast Cancer
541,55,Male,33.7,139,96,165,118,5.8,287.5,Former,None,Moderate,1,1,0,109,0,1.4,7.4,5.37,9.9,2.93,Breast Cancer
542,47,Male,19.5,111,66,208,91,4.1,205.3,Never,Heavy,Moderate,1,0,0,192,0,0.1,6.7,6.44,14.3,1.68,Healthy
543,42,Female,38.4,141,93,235,300,8.1,36.5,Current,None,High,0,1,0,166,0,0.2,6.7,5.31,17.5,3.79,Diabetes
544,68,Female,33.2,165,80,258,261,7.6,82.0,Never,Heavy,Low,1,0,0,92,0,1.0,11.0,5.5,14.5,2.73,Diabetes
545,40,Female,22.9,96,60,158,75,4.4,34.3,Current,None,Low,1,0,0,138,0,0.1,6.9,5.36,10.1,2.4,Healthy
546,65,Male,31.4,160,64,209,117,5.8,22.4,Current,Heavy,Moderate,0,1,1,79,0,0.4,8.6,6.19,9.5,3.25,Breast Cancer
547,66,Female,36.4,180,87,226,140,5.0,119.4,Never,Heavy,Moderate,1,2,2,123,1,5.9,8.8,4.82,8.6,2.85,Heart Disease
548,54,Male,28.4,160,81,269,198,7.2,96.1,Never,None,Moderate,0,0,1,78,0,1.5,5.0,4.77,16.6,3.29,Diabetes
549,68,Male,37.2,197,88,280,91,5.8,7.5,Never,Heavy,Moderate,0,3,1,96,1,4.6,10.5,5.55,14.5,4.89,Heart Disease
550,50,Female,36.7,172,66,275,222,10.0,20.5,Never,Heavy,High,0,0,0,175,0,1.0,10.9,4.48,12.3,4.57,Diabetes
551,36,Female,35.8,152,105,184,94,6.0,279.6,Former,None,Moderate,0,0,1,150,0,0.3,6.0,6.05,17.7,1.9,Breast Cancer
552,62,Female,42.1,170,94,213,188,10.3,166.8,Current,None,High,1,0,1,101,0,1.9,5.1,5.13,16.6,0.69,Diabetes
553,43,Female,38.3,128,67,233,75,5.8,176.6,Never,None,High,0,1,0,184,0,0.5,5.9,6.27,11.8,2.67,Breast Cancer
554,66,Female,29.7,190,108,295,137,5.0,283.9,Current,None,Low,1,2,2,75,1,5.3,4.0,4.41,9.9,2.59,Heart Disease
555,59,Male,37.7,180,70,285,226,6.8,202.5,Current,Heavy,Low,1,0,1,124,0,1.7,7.0,4.31,13.0,0.56,Diabetes
556,61,Female,35.4,162,81,238,188,10.9,259.2,Never,Moderate,Low,1,0,1,125,0,1.1,9.6,3.97,11.1,4.13,Diabetes
557,52,Male,25.2,113,107,163,88,5.5,30.4,Current,Moderate,Moderate,1,0,0,171,0,0.1,10.2,4.79,14.7,4.36,Healthy
558,57,Male,26.4,145,90,239,73,4.7,88.3,Current,Heavy,Moderate,0,0,0,169,0,1.1,9.6,3.88,14.8,4.56,Breast Cancer
559,62,Female,28.0,133,88,188,238,11.8,164.7,Current,None,High,1,0,0,169,0,0.5,4.6,4.96,14.8,4.23,Diabetes
560,58,Female,24.0,126,86,193,82,4.5,36.6,Never,Heavy,High,0,1,1,185,0,1.4,8.0,3.87,8.2,1.33,Breast Cancer
561,67,Male,33.7,156,71,164,184,10.6,186.9,Former,None,Moderate,1,0,0,167,0,1.1,9.9,4.38,15.7,3.97,Diabetes
562,65,Female,43.5,183,62,174,206,6.6,38.3,Former,Moderate,Low,1,1,1,144,0,1.4,10.8,5.21,14.0,2.94,Diabetes
563,64,Male,23.3,112,84,186,94,6.0,186.7,Former,Heavy,High,1,0,0,76,0,1.0,6.4,6.16,14.3,3.88,Breast Cancer
564,45,Female,35.4,144,90,337,109,5.7,12.2,Former,Heavy,Low,0,2,2,96,1,1.7,8.3,5.08,10.5,3.71,Heart Disease
565,43,Male,32.5,113,76,159,117,6.3,243.0,Never,None,High,0,1,1,85,0,1.2,4.2,5.4,14.7,1.67,Breast Cancer
566,50,Female,27.5,180,100,280,109,5.5,85.2,Never,Moderate,High,1,2,1,64,1,4.5,5.4,5.83,12.0,3.28,Heart Disease
567,45,Male,26.8,199,110,259,125,5.4,193.9,Current,Heavy,Moderate,0,2,2,131,1,4.5,9.4,3.69,12.0,4.07,Heart Disease
568,63,Male,35.0,163,100,300,227,10.7,240.9,Never,Heavy,Moderate,1,0,0,166,0,0.1,5.4,4.2,10.2,3.56,Diabetes
569,38,Male,37.7,164,105,169,235,11.4,71.9,Former,Moderate,High,1,1,0,100,0,1.9,10.3,5.94,15.1,0.68,Diabetes
570,28,Male,19.3,92,73,122,105,4.8,133.2,Current,Heavy,High,0,0,0,111,0,0.2,4.4,4.94,10.3,3.74,Healthy
571,52,Male,37.1,185,95,281,98,6.3,270.2,Former,Moderate,Moderate,1,3,2,105,1,5.9,8.2,6.47,14.0,2.43,Heart Disease
572,72,Male,34.2,155,94,331,117,5.7,14.3,Former,None,Moderate,1,2,2,114,1,5.0,6.4,5.53,12.1,3.17,Heart Disease
573,66,Female,44.0,138,66,248,152,6.9,61.6,Never,None,High,0,0,0,95,0,1.6,4.3,5.19,8.2,0.84,Diabetes
574,57,Male,29.0,130,86,261,84,4.7,178.1,Former,None,Low,0,1,0,188,0,0.1,9.4,5.18,14.6,2.74,Breast Cancer
575,53,Male,35.6,167,80,222,142,10.6,170.0,Current,Moderate,Low,1,1,0,132,0,0.2,5.7,6.35,8.5,2.17,Diabetes
576,49,Female,26.6,107,98,165,103,5.1,207.5,Former,Heavy,Low,1,0,0,86,0,0.0,5.3,6.32,10.1,2.73,Healthy
577,55,Female,24.6,91,94,197,101,5.0,11.6,Never,Heavy,High,1,0,0,152,0,0.1,7.2,4.94,12.4,2.19,Healthy
578,61,Female,36.3,116,92,184,94,6.2,136.8,Current,Heavy,Low,1,0,0,153,0,1.3,8.3,3.81,14.2,4.88,Breast Cancer
579,52,Female,38.8,133,78,162,149,9.9,61.8,Current,None,Moderate,0,0,0,140,0,1.1,4.5,6.4,17.2,1.66,Diabetes
580,45,Female,26.9,169,84,305,115,6.1,80.7,Former,Moderate,Moderate,1,3,2,135,1,6.1,7.2,5.27,11.6,4.04,Heart Disease
581,69,Female,27.9,153,76,299,126,5.1,52.3,Never,None,Low,1,2,1,140,1,3.4,8.3,5.58,17.6,4.37,Heart Disease
582,62,Male,33.0,200,84,291,137,5.9,181.3,Current,None,Moderate,1,2,2,73,1,5.7,7.8,4.86,14.0,1.97,Heart Disease
583,74,Male,30.3,153,61,306,138,5.5,33.6,Current,Moderate,High,1,2,1,113,1,3.0,6.3,3.95,15.7,1.6,Heart Disease
584,55,Male,44.8,138,109,297,197,11.0,118.7,Current,Moderate,Low,1,0,1,165,0,0.0,8.8,3.8,10.6,4.29,Diabetes
585,49,Male,30.2,163,69,248,218,11.8,46.0,Current,Moderate,Moderate,1,1,0,103,0,1.3,5.7,4.23,16.3,3.11,Diabetes
586,63,Male,28.8,187,108,260,108,6.4,69.3,Former,None,Moderate,1,2,2,85,1,5.6,6.7,4.42,14.6,4.01,Heart Disease
587,63,Female,31.5,146,61,278,191,8.9,244.5,Never,Moderate,Moderate,1,0,1,157,0,1.8,8.7,5.52,17.1,3.33,Diabetes
588,52,Female,30.5,157,84,230,144,11.7,89.2,Former,None,Low,1,1,0,148,0,1.6,6.7,5.63,14.0,2.43,Diabetes
589,30,Male,25.9,116,90,169,81,4.6,108.0,Current,Moderate,Moderate,1,0,0,135,0,0.1,5.4,5.95,13.7,4.34,Healthy
590,47,Male,32.5,199,62,338,107,6.2,61.1,Former,Heavy,High,1,2,2,124,1,4.1,6.3,5.19,15.2,4.57,Heart Disease
591,73,Male,34.6,188,76,285,117,5.8,115.4,Former,None,Moderate,1,2,1,79,1,3.8,9.3,5.76,14.7,3.7,Heart Disease
592,45,Female,31.2,200,71,278,136,5.7,279.5,Current,Moderate,Low,1,2,1,111,1,4.2,9.4,5.72,8.8,3.38,Heart Disease
593,57,Female,31.3,162,79,267,93,5.4,193.7,Current,None,High,0,3,2,73,1,3.5,7.7,4.53,11.0,2.99,Heart Disease
594,56,Female,42.5,132,106,164,170,11.1,44.1,Current,Moderate,High,0,0,1,122,0,0.8,9.3,6.34,16.9,1.57,Diabetes
595,46,Female,26.3,114,78,175,75,4.7,86.3,Former,Moderate,High,1,0,0,107,0,0.3,7.3,4.03,12.2,3.64,Healthy
596,55,Male,38.0,148,66,230,90,5.0,200.4,Never,Moderate,Low,1,3,1,135,1,2.7,8.0,5.91,17.9,1.5,Heart Disease
597,60,Male,33.7,197,104,232,94,5.8,41.9,Current,Moderate,Moderate,1,3,2,102,1,5.2,4.8,3.86,9.7,4.51,Heart Disease
598,58,Female,27.4,169,62,319,99,5.5,267.4,Former,Heavy,Low,0,2,2,86,1,5.0,6.8,4.75,9.3,2.36,Heart Disease
599,25,Female,26.3,105,85,194,83,4.0,296.4,Never,Moderate,High,0,0,0,81,0,0.1,9.1,5.87,16.3,1.52,Healthy
600,44,Male,21.8,118,86,127,78,4.0,53.7,Current,Heavy,Low,0,0,0,150,0,0.1,8.7,4.68,12.8,2.78,Healthy
601,35,Male,35.0,133,93,203,261,10.0,58.4,Current,None,High,0,0,0,148,0,0.8,4.3,3.89,12.3,3.9,Diabetes
602,44,Female,35.1,164,78,184,183,8.2,28.0,Current,Moderate,Moderate,1,0,1,175,0,1.9,8.3,6.25,11.4,1.89,Diabetes
603,54,Male,22.4,94,69,147,94,4.8,162.8,Never,Heavy,High,0,0,0,175,0,0.2,7.8,4.93,13.7,1.64,Healthy
604,45,Male,25.2,126,103,201,89,4.6,106.5,Never,Moderate,Low,1,0,0,139,0,0.3,5.9,4.27,15.5,3.59,Healthy
605,53,Female,37.0,164,87,280,221,11.7,264.3,Never,Heavy,Moderate,1,0,0,88,0,0.4,5.5,5.73,11.0,3.73,Diabetes
606,43,Male,22.3,98,105,123,81,4.7,267.8,Current,Heavy,Low,0,0,0,186,0,0.1,7.7,5.19,12.2,1.65,Healthy
607,50,Female,44.6,186,102,238,231,10.2,102.6,Current,Moderate,High,0,1,1,176,0,0.7,8.0,5.78,15.9,1.77,Diabetes
608,35,Female,25.1,110,74,156,90,5.1,69.3,Never,Moderate,High,1,0,0,180,0,0.3,7.0,5.05,13.6,1.36,Healthy
609,47,Female,35.9,113,91,230,121,6.1,93.7,Current,Moderate,Low,0,1,1,117,0,1.4,9.4,4.35,12.4,2.54,Breast Cancer
610,68,Female,27.0,124,68,206,104,6.0,249.4,Never,None,High,0,0,0,145,0,0.9,7.9,5.71,11.8,3.21,Breast Cancer
611,48,Male,26.6,197,60,347,105,5.8,12.3,Current,None,High,1,3,2,118,1,6.1,6.3,4.71,11.6,3.65,Heart Disease
612,38,Female,27.4,119,79,205,130,6.4,143.3,Former,Heavy,High,0,1,1,81,0,0.7,5.9,5.22,17.3,4.75,Breast Cancer
613,29,Male,18.8,101,102,193,93,4.9,60.8,Never,Moderate,High,1,0,0,119,0,0.1,4.2,6.47,16.9,0.76,Healthy
614,74,Male,35.2,157,93,295,98,5.5,240.3,Current,Heavy,Low,1,2,1,124,1,3.7,5.6,4.93,14.8,4.91,Heart Disease
615,56,Female,34.0,118,61,233,76,5.6,26.8,Former,Moderate,Low,0,0,1,126,0,1.4,4.5,4.66,11.6,1.48,Breast Cancer
616,62,Female,26.9,155,69,248,94,4.7,70.9,Never,None,Moderate,1,1,1,144,0,0.3,9.0,6.33,9.3,0.72,Breast Cancer
617,69,Female,32.1,127,105,171,97,4.7,144.7,Never,None,Low,1,1,0,141,0,1.4,8.4,4.63,16.4,3.34,Breast Cancer
618,61,Male,33.7,166,72,285,100,5.5,59.0,Current,None,Moderate,1,3,1,90,1,5.7,8.8,4.5,8.1,1.56,Heart Disease
619,59,Female,32.2,155,73,329,101,6.3,63.6,Current,Moderate,Moderate,0,2,1,110,1,5.3,10.4,3.61,16.7,4.89,Heart Disease
620,30,Male,33.4,127,74,161,89,5.4,106.5,Never,Moderate,Low,1,1,1,145,0,0.6,4.6,5.54,13.3,1.27,Breast Cancer
621,47,Male,35.0,185,67,178,233,9.5,152.3,Former,Moderate,Low,1,1,0,95,0,0.9,5.9,6.35,9.5,1.48,Diabetes
622,68,Male,30.7,187,61,282,135,5.8,132.3,Never,Moderate,Low,0,3,2,99,1,1.7,6.2,4.34,11.5,3.61,Heart Disease
623,63,Female,32.1,149,96,320,91,6.5,282.7,Never,Moderate,High,1,3,2,99,1,4.7,6.9,4.85,8.3,0.96,Heart Disease
624,49,Female,37.4,151,92,235,127,6.0,217.3,Current,Heavy,Low,0,1,0,126,0,1.5,6.2,4.61,10.2,2.0,Breast Cancer
625,60,Male,39.2,128,93,237,84,6.5,152.5,Former,None,High,0,0,1,114,0,1.3,6.0,4.71,15.9,1.95,Breast Cancer
626,40,Female,34.9,167,90,207,213,8.6,202.1,Current,Heavy,Low,0,0,0,117,0,1.8,4.0,4.58,16.4,2.36,Diabetes
627,54,Male,29.6,141,79,215,148,10.4,59.8,Current,None,Low,1,1,1,103,0,1.7,8.0,3.6,13.6,1.22,Diabetes
628,43,Male,26.4,92,75,140,94,5.5,86.5,Former,None,High,0,0,0,80,0,0.0,5.2,6.07,10.7,3.11,Healthy
629,64,Female,41.8,185,68,204,190,11.2,296.6,Former,Moderate,High,1,0,1,179,0,0.9,6.5,3.71,9.5,3.25,Diabetes
630,50,Female,42.5,168,110,270,166,11.1,175.5,Former,None,High,1,0,0,163,0,1.4,10.8,4.08,16.0,3.33,Diabetes
631,54,Male,43.2,165,77,291,190,9.4,213.2,Former,Heavy,Low,0,0,1,132,0,0.6,8.5,5.4,11.9,2.93,Diabetes
632,51,Female,31.9,187,77,228,185,9.9,58.0,Current,None,Low,1,0,0,79,0,0.6,9.6,5.05,13.3,2.0,Diabetes
633,63,Male,33.5,140,80,243,100,5.2,180.0,Current,None,Low,1,3,2,62,1,5.9,5.3,3.85,13.5,3.55,Heart Disease
634,38,Male,28.3,178,96,292,215,7.4,10.7,Current,Heavy,Moderate,1,1,1,82,0,0.8,7.8,6.27,9.8,3.36,Diabetes
635,33,Male,22.0,114,83,140,94,4.6,260.3,Former,Moderate,Low,0,0,0,129,0,0.2,4.6,5.11,8.9,2.13,Healthy
636,44,Female,21.7,129,89,134,89,4.6,196.2,Current,Moderate,Moderate,0,0,0,156,0,0.0,9.9,6.35,17.0,3.19,Healthy
637,29,Male,25.0,107,74,127,88,5.0,228.5,Current,Heavy,High,0,0,0,139,0,0.0,6.8,5.97,12.6,3.62,Healthy
638,22,Male,22.6,129,75,144,71,5.7,272.8,Former,None,Moderate,0,0,0,88,0,0.5,5.8,5.02,16.2,4.07,Healthy
639,70,Male,36.7,150,62,200,109,5.9,256.6,Current,Moderate,Moderate,1,1,0,162,0,1.1,4.1,4.77,15.1,3.68,Breast Cancer
640,61,Female,34.6,155,103,303,115,5.2,100.3,Current,None,Low,1,2,2,62,1,3.6,10.6,5.06,16.1,4.76,Heart Disease
641,47,Female,37.0,184,69,266,139,6.1,146.3,Former,None,High,0,3,2,121,1,2.8,6.8,3.63,9.6,4.13,Heart Disease
642,52,Male,26.9,186,71,340,113,5.5,43.9,Never,Moderate,Moderate,1,3,2,131,1,6.1,7.5,6.15,10.8,2.51,Heart Disease
643,49,Male,34.2,124,96,255,96,5.0,268.0,Former,None,Moderate,0,0,1,174,0,1.1,4.1,6.02,17.6,2.27,Breast Cancer
644,34,Male,33.7,144,106,188,87,4.8,88.0,Current,Heavy,Moderate,0,0,1,116,0,0.7,8.1,5.89,8.1,4.33,Breast Cancer
645,68,Female,30.0,145,96,268,99,6.4,174.4,Current,Moderate,Moderate,0,2,1,121,1,4.9,10.6,4.07,11.5,0.94,Heart Disease
646,68,Female,22.9,156,102,190,77,5.5,27.0,Former,Moderate,Moderate,0,1,0,176,0,0.2,5.9,5.56,12.3,2.64,Breast Cancer
647,75,Female,34.1,188,72,220,121,5.2,43.4,Never,Heavy,High,1,3,2,138,1,5.9,6.2,4.15,14.7,3.65,Heart Disease
648,60,Male,31.6,156,98,236,228,9.6,20.5,Never,Moderate,High,1,0,0,88,0,0.0,6.7,3.8,15.5,3.52,Diabetes
649,55,Female,29.7,140,101,205,255,11.4,215.5,Never,None,Low,0,1,0,121,0,1.2,8.1,3.53,14.9,3.38,Diabetes
650,35,Female,38.4,151,67,152,81,6.4,296.1,Never,Moderate,Moderate,0,0,1,124,0,0.8,6.2,4.01,13.7,2.11,Breast Cancer
651,51,Male,22.8,105,64,175,79,4.3,20.4,Current,Heavy,Low,0,0,0,161,0,0.5,4.3,5.09,15.4,1.33,Healthy
652,41,Male,21.7,96,61,132,99,5.4,264.1,Former,Heavy,High,0,0,0,170,0,0.4,8.3,4.64,15.1,4.59,Healthy
653,65,Female,26.8,158,108,224,131,5.6,258.7,Never,Moderate,Low,0,3,2,112,1,3.9,7.4,4.92,13.9,2.54,Heart Disease
654,38,Female,26.7,104,81,135,96,5.2,103.3,Current,Moderate,Moderate,0,0,0,88,0,0.2,9.7,4.44,11.4,4.58,Healthy
655,59,Male,34.7,132,104,207,73,6.1,292.1,Current,Heavy,Moderate,0,0,0,150,0,0.9,7.6,6.06,11.8,2.47,Breast Cancer
656,59,Male,41.8,176,100,166,140,9.7,228.2,Current,None,High,0,0,0,95,0,1.7,8.7,6.48,16.2,4.7,Diabetes
657,41,Female,28.2,141,82,223,252,9.2,163.1,Never,None,High,1,0,1,100,0,0.4,5.3,5.31,11.0,3.55,Diabetes
658,36,Female,32.3,125,65,232,97,4.6,22.8,Former,None,Moderate,0,0,1,99,0,0.9,8.6,3.8,15.3,2.01,Breast Cancer
659,47,Male,25.3,187,65,281,96,5.2,279.3,Current,None,Moderate,0,3,1,140,1,2.2,4.0,4.47,10.0,2.55,Heart Disease
660,58,Male,26.7,184,100,228,127,5.4,136.9,Current,Moderate,Moderate,1,2,2,136,1,5.9,9.8,3.58,17.0,3.33,Heart Disease
661,51,Female,44.5,170,68,214,288,8.1,147.3,Never,Moderate,High,1,1,0,86,0,1.6,5.5,4.52,14.3,1.7,Diabetes
662,22,Female,18.8,94,93,132,77,5.3,159.2,Current,None,High,0,0,0,121,0,0.3,8.6,6.44,15.2,0.58,Healthy
663,25,Female,25.1,99,71,163,78,4.7,263.0,Never,Moderate,High,1,0,0,124,0,0.1,8.8,4.82,16.0,2.58,Healthy
664,45,Female,32.8,181,76,222,190,9.3,72.3,Former,None,High,1,0,1,167,0,1.4,5.1,5.56,13.0,3.18,Diabetes
665,48,Male,29.2,140,101,278,116,6.0,80.0,Never,Moderate,Low,1,2,2,120,1,3.5,9.6,6.42,9.2,0.75,Heart Disease
666,65,Female,37.1,114,109,184,90,5.1,6.8,Former,Heavy,High,0,1,0,135,0,0.9,4.3,6.04,14.9,0.84,Breast Cancer
667,36,Female,39.8,139,62,208,108,4.6,296.6,Former,None,Low,0,0,1,107,0,1.4,5.8,3.69,8.1,2.41,Breast Cancer
668,57,Female,38.8,153,65,169,186,7.0,272.7,Former,Heavy,High,1,1,1,159,0,1.6,8.2,4.81,15.7,3.1,Diabetes
669,56,Male,33.4,187,84,242,102,5.4,18.8,Never,None,High,1,2,2,120,1,6.0,11.0,4.38,9.6,2.44,Heart Disease
670,31,Female,26.1,113,82,121,76,5.5,83.9,Former,None,Low,0,0,0,152,0,0.3,4.5,6.0,12.4,2.44,Healthy
671,48,Male,36.9,179,82,200,206,11.0,85.1,Former,None,Low,0,0,1,154,0,0.3,4.7,5.91,12.5,3.97,Diabetes
672,35,Female,23.6,155,106,235,113,6.0,59.2,Never,Heavy,Low,0,1,1,185,0,1.1,7.1,3.93,13.9,2.22,Breast Cancer
673,62,Female,28.3,146,105,220,111,6.1,104.1,Current,Moderate,Low,0,2,2,130,1,2.6,4.4,6.22,17.9,3.57,Heart Disease
674,62,Female,34.2,174,95,327,124,5.2,235.6,Never,None,High,0,3,1,94,1,2.4,5.0,3.95,12.7,3.14,Heart Disease
675,30,Female,34.0,147,81,264,96,5.4,104.2,Current,None,Low,1,0,0,175,0,0.6,8.4,3.68,12.0,4.87,Breast Cancer
676,69,Female,34.4,170,72,171,137,10.0,4.1,Never,Moderate,Low,1,0,0,170,0,1.4,9.6,3.55,9.1,0.73,Diabetes
677,50,Female,25.5,178,63,339,132,6.5,11.2,Current,None,High,0,3,2,108,1,4.5,4.3,5.53,15.2,3.09,Heart Disease
678,59,Male,40.9,159,96,292,135,9.2,51.2,Never,None,Moderate,1,1,0,118,0,0.2,8.5,3.99,10.8,1.05,Diabetes
679,65,Female,35.9,150,99,315,103,5.7,39.1,Former,Moderate,High,1,3,2,78,1,2.0,5.5,5.63,16.6,2.03,Heart Disease
680,36,Female,21.4,121,60,139,70,4.4,137.1,Former,Moderate,High,0,0,0,117,0,0.1,5.7,4.45,14.0,4.48,Healthy
681,35,Female,39.9,141,63,173,120,6.4,148.2,Former,Heavy,Moderate,1,0,0,170,0,0.3,7.2,3.9,15.0,2.64,Breast Cancer
682,53,Male,28.6,151,110,285,111,5.2,89.2,Former,None,High,1,3,1,87,1,5.5,4.5,4.15,16.1,2.48,Heart Disease
683,48,Male,36.0,162,66,288,281,7.4,229.6,Never,Moderate,High,0,0,1,174,0,0.8,7.5,5.47,11.5,2.39,Diabetes
684,45,Male,43.0,189,65,254,231,9.0,112.3,Never,Moderate,Moderate,1,0,1,174,0,0.1,5.2,5.42,11.5,1.13,Diabetes
685,37,Male,42.5,170,80,268,129,8.3,20.4,Current,Heavy,Moderate,1,0,1,82,0,1.2,9.0,4.68,15.1,4.39,Diabetes
686,49,Female,23.1,98,74,128,96,4.6,276.9,Former,Heavy,High,1,0,0,108,0,0.3,7.3,6.26,14.6,1.91,Healthy
687,66,Female,38.4,156,108,165,216,11.5,10.1,Former,None,Low,1,1,0,144,0,1.6,10.9,5.03,9.9,4.29,Diabetes
688,59,Female,34.9,191,84,221,122,6.2,70.8,Former,Moderate,Moderate,0,3,2,68,1,2.6,9.1,6.1,14.8,4.29,Heart Disease
689,39,Male,24.2,101,105,121,82,4.6,100.2,Never,Heavy,Low,0,0,0,198,0,0.2,4.7,5.16,12.7,3.96,Healthy
690,39,Male,21.1,113,91,181,104,4.2,47.2,Never,None,High,1,0,0,132,0,0.2,5.0,5.77,8.4,3.77,Healthy
691,54,Female,26.9,105,83,136,71,5.5,292.4,Never,Heavy,Low,0,0,0,148,0,0.0,9.4,6.1,12.6,3.03,Healthy
692,50,Female,21.4,118,89,181,77,5.0,45.5,Never,Heavy,Low,0,0,0,80,0,0.5,6.5,4.51,12.2,2.0,Healthy
693,66,Male,28.3,181,95,340,95,6.0,202.6,Former,None,Moderate,0,2,1,75,1,5.2,4.6,6.38,12.7,1.83,Heart Disease
694,49,Male,34.5,156,82,216,100,4.8,145.4,Never,None,Moderate,0,0,1,151,0,0.8,9.1,5.28,8.0,2.26,Breast Cancer
695,64,Male,31.1,184,63,260,112,5.5,220.8,Never,Heavy,Low,1,2,2,98,1,3.2,6.2,5.5,16.6,2.55,Heart Disease
696,75,Male,36.1,146,103,263,109,5.7,24.4,Current,Heavy,Low,1,2,2,74,1,4.2,4.9,4.41,9.4,3.26,Heart Disease
697,68,Female,31.9,187,84,350,96,5.6,277.8,Former,Heavy,High,0,2,2,85,1,4.2,6.0,4.3,11.4,3.15,Heart Disease
698,66,Female,28.9,155,69,344,131,5.8,153.2,Never,Heavy,Moderate,1,3,1,109,1,3.5,5.7,4.38,17.6,2.09,Heart Disease
699,41,Female,36.6,180,105,229,269,8.2,84.5,Current,Moderate,Low,1,0,0,82,0,1.2,5.4,5.52,12.5,0.79,Diabetes
700,58,Male,38.1,139,86,187,130,7.7,28.4,Current,Moderate,Moderate,0,0,1,169,0,1.3,9.7,5.48,16.5,4.16,Diabetes
701,52,Male,32.2,174,70,320,117,6.2,181.8,Former,Heavy,High,1,3,2,102,1,2.5,7.5,6.43,14.8,4.45,Heart Disease
702,68,Female,33.8,127,81,205,126,5.4,142.8,Current,None,High,1,1,1,132,0,1.2,7.4,3.59,14.2,4.57,Breast Cancer
703,59,Male,36.4,136,69,299,239,7.9,187.1,Current,Heavy,High,0,1,1,86,0,0.9,8.7,5.12,13.8,2.87,Diabetes
704,69,Male,36.9,160,72,285,108,5.6,26.3,Current,Heavy,High,0,3,1,76,1,3.8,9.6,4.9,10.4,2.96,Heart Disease
705,27,Female,19.3,119,104,169,96,5.2,56.8,Former,Moderate,High,0,0,0,187,0,0.0,9.6,6.06,13.0,4.92,Healthy
706,67,Male,44.9,189,99,248,298,9.6,177.5,Former,Heavy,High,1,1,0,161,0,1.3,4.1,6.17,16.5,1.61,Diabetes
707,51,Female,37.5,148,65,242,139,5.2,33.6,Current,Heavy,Low,0,3,2,104,1,3.7,6.3,4.88,8.1,2.28,Heart Disease
708,45,Female,44.3,172,77,204,210,11.9,254.9,Current,Moderate,Low,0,0,1,174,0,0.4,4.5,3.57,8.7,4.46,Diabetes
709,64,Female,41.6,162,80,187,167,11.8,209.7,Former,Heavy,Low,1,1,0,95,0,1.9,7.3,4.61,17.3,0.68,Diabetes
710,45,Male,26.0,95,69,121,88,5.3,244.7,Former,None,Moderate,1,0,0,89,0,0.3,6.0,5.51,8.5,3.8,Healthy
711,38,Female,24.0,115,74,187,77,4.8,292.9,Never,None,Moderate,0,0,0,176,0,0.1,6.4,3.55,16.1,2.78,Healthy
712,71,Female,31.0,166,89,274,135,5.7,105.0,Current,Moderate,Moderate,0,3,1,131,1,5.7,10.9,6.5,14.5,1.74,Heart Disease
713,64,Female,27.8,142,80,350,140,5.2,116.8,Current,Moderate,High,1,3,2,80,1,4.5,9.7,4.58,16.2,4.89,Heart Disease
714,56,Female,34.3,178,104,271,220,9.2,131.0,Former,None,High,1,1,1,82,0,0.6,6.5,5.17,11.3,1.55,Diabetes
715,46,Male,20.9,95,60,122,91,4.1,140.2,Never,Moderate,Moderate,0,0,0,197,0,0.2,4.3,6.14,15.6,3.03,Healthy
716,63,Female,31.9,160,66,233,71,5.4,93.1,Former,Moderate,Moderate,0,1,1,102,0,1.4,4.7,5.87,16.4,3.07,Breast Cancer
717,45,Male,36.0,149,76,230,91,5.3,157.7,Never,Moderate,Low,1,2,2,100,1,3.0,6.5,5.22,16.9,3.3,Heart Disease
718,57,Female,34.9,164,68,293,114,5.0,14.5,Current,Heavy,Low,0,3,2,90,1,2.5,4.4,3.74,15.5,1.73,Heart Disease
719,64,Male,43.1,146,71,270,290,8.0,153.0,Current,Moderate,Moderate,0,0,1,174,0,0.6,7.5,5.62,12.2,4.94,Diabetes
720,68,Female,36.4,164,103,218,151,11.7,201.4,Current,Moderate,High,0,1,0,85,0,1.0,6.6,4.75,12.3,1.25,Diabetes
721,49,Male,41.3,142,110,270,218,7.4,21.9,Current,None,High,0,1,1,142,0,1.2,5.4,6.35,9.8,3.92,Diabetes
722,62,Female,38.1,155,109,225,128,6.2,47.1,Current,None,Moderate,0,1,0,138,0,1.0,10.1,5.96,15.2,0.73,Breast Cancer
723,43,Female,22.8,116,87,148,72,4.8,14.2,Never,Moderate,Moderate,0,0,0,110,0,0.0,5.5,5.81,10.4,4.89,Healthy
724,64,Female,29.8,111,98,162,105,6.3,177.7,Former,Moderate,Moderate,1,0,0,91,0,0.5,5.6,3.67,10.9,2.16,Breast Cancer
725,42,Male,33.9,139,76,256,228,11.4,146.3,Former,None,Low,0,1,1,180,0,0.2,8.7,4.48,16.7,1.09,Diabetes
726,55,Female,25.2,129,68,157,98,4.3,295.7,Current,Heavy,Moderate,1,0,0,132,0,0.3,8.5,6.28,9.9,4.14,Healthy
727,40,Male,33.5,145,107,163,87,5.1,237.6,Never,Heavy,Low,1,0,1,118,0,0.3,10.5,6.39,11.6,4.67,Breast Cancer
728,75,Male,25.9,163,104,344,131,5.7,96.0,Current,Moderate,Moderate,1,2,2,61,1,3.5,5.4,4.14,8.7,3.63,Heart Disease
729,72,Female,32.4,192,65,244,116,6.1,216.2,Former,Heavy,Moderate,0,3,2,65,1,3.3,6.3,3.72,9.3,3.1,Heart Disease
730,36,Female,35.9,148,98,253,77,6.5,163.4,Current,Moderate,Low,1,0,0,173,0,1.3,4.1,6.19,15.5,4.38,Breast Cancer
731,45,Male,31.0,140,99,242,268,11.7,113.8,Current,Heavy,High,1,1,0,82,0,1.6,8.3,5.29,15.3,3.66,Diabetes
732,29,Female,26.7,111,66,123,72,5.3,255.1,Former,Moderate,Moderate,0,0,0,137,0,0.4,5.6,4.28,10.5,0.53,Healthy
733,45,Female,38.0,163,92,286,94,6.2,31.2,Former,None,Moderate,1,3,2,82,1,6.2,6.6,4.59,17.0,0.62,Heart Disease
734,66,Female,32.8,167,102,277,111,6.3,282.2,Never,Moderate,Low,1,2,2,78,1,5.6,6.1,4.18,16.1,2.87,Heart Disease
735,74,Male,33.2,160,92,270,96,5.1,83.0,Never,Heavy,High,0,2,2,92,1,4.7,8.1,5.74,17.6,4.72,Heart Disease
736,58,Male,38.8,119,90,247,100,4.9,51.0,Never,Heavy,Low,1,1,1,118,0,1.2,8.0,6.34,11.1,2.99,Breast Cancer
737,70,Male,34.5,184,102,162,195,8.1,5.0,Former,Heavy,High,1,0,1,85,0,0.0,9.3,3.93,17.6,1.7,Diabetes
738,37,Female,41.6,177,103,227,220,6.5,219.2,Current,Moderate,Low,1,0,0,133,0,0.6,8.7,5.77,17.3,3.82,Diabetes
739,69,Female,27.9,155,85,258,129,5.3,103.0,Current,Heavy,Low,0,2,2,100,1,5.2,7.5,4.85,8.6,2.7,Heart Disease
740,61,Female,41.7,156,66,275,217,11.0,20.9,Never,Heavy,High,1,1,1,81,0,0.1,8.3,6.46,12.1,3.41,Diabetes
741,38,Female,21.1,123,108,162,98,4.4,68.1,Never,Heavy,Low,0,0,0,161,0,0.3,6.1,3.94,12.9,4.53,Healthy
742,34,Female,26.4,91,85,126,95,4.7,170.8,Never,Moderate,Moderate,0,0,0,136,0,0.4,5.8,5.78,9.7,4.15,Healthy
743,68,Female,25.6,192,85,297,119,5.3,115.0,Never,Moderate,Low,0,2,2,123,1,2.6,4.3,6.35,9.2,4.05,Heart Disease
744,73,Male,37.8,147,107,221,127,6.4,41.2,Former,Moderate,Moderate,1,3,1,121,1,5.8,4.7,5.59,10.3,3.37,Heart Disease
745,61,Female,35.5,147,97,278,105,5.0,56.5,Never,None,Moderate,1,3,2,87,1,2.6,8.8,5.54,12.1,3.45,Heart Disease
746,28,Male,26.3,93,78,156,72,5.1,203.7,Never,Heavy,High,1,0,0,141,0,0.1,6.3,5.92,13.8,1.06,Healthy
747,20,Female,18.6,119,102,162,83,4.5,106.7,Former,Heavy,Low,0,0,0,143,0,0.4,6.3,6.02,9.2,3.45,Healthy
748,67,Male,37.1,176,86,297,108,6.5,26.0,Current,Moderate,Moderate,1,3,1,101,1,5.8,7.6,5.07,16.6,1.46,Heart Disease
749,44,Female,21.9,97,95,210,105,5.6,153.0,Current,Heavy,Low,0,0,0,167,0,0.2,8.6,4.32,11.2,0.71,Healthy
750,47,Male,29.4,128,60,218,117,5.5,129.1,Current,None,High,0,0,0,159,0,1.2,10.6,4.69,10.9,0.62,Breast Cancer
751,60,Male,26.4,196,83,325,92,5.9,96.1,Never,Moderate,High,1,3,2,60,1,3.4,6.5,6.15,14.0,3.65,Heart Disease
752,45,Female,34.2,147,77,197,298,11.0,191.7,Former,Moderate,Moderate,0,1,0,180,0,1.8,8.0,4.85,17.8,1.79,Diabetes
753,51,Male,34.4,140,71,238,149,10.1,8.8,Current,Moderate,Moderate,1,0,0,88,0,1.6,8.9,5.98,17.8,3.85,Diabetes
754,49,Female,34.0,136,85,204,88,5.4,131.8,Current,None,High,1,1,0,136,0,0.7,7.7,3.9,16.9,3.25,Breast Cancer
755,58,Male,25.3,199,99,270,102,5.6,164.2,Former,Moderate,High,0,3,1,99,1,3.3,6.7,3.91,10.9,2.95,Heart Disease
756,47,Male,42.2,185,72,198,214,8.4,260.0,Current,Heavy,Low,1,1,1,89,0,1.6,8.3,5.25,16.9,3.53,Diabetes
757,56,Female,31.3,190,60,266,102,5.6,181.0,Never,None,High,1,3,2,83,1,6.0,9.4,6.48,13.5,4.21,Heart Disease
758,32,Female,23.2,115,76,133,92,5.6,220.1,Current,Moderate,Moderate,0,0,0,112,0,0.3,10.7,4.57,8.2,2.83,Healthy
759,72,Female,33.5,149,103,230,107,5.2,132.7,Former,None,High,0,2,2,123,1,3.3,4.9,5.9,9.5,1.1,Heart Disease
760,23,Male,25.1,130,80,195,88,4.3,277.4,Current,Heavy,High,0,0,0,151,0,0.2,9.4,5.0,8.1,2.85,Healthy
761,53,Male,35.6,131,94,165,89,4.8,157.6,Former,Moderate,Moderate,1,1,0,182,0,1.2,9.0,5.45,17.0,2.18,Breast Cancer
762,46,Male,38.1,127,71,179,104,5.4,51.3,Current,None,Low,0,0,0,134,0,0.0,4.8,6.33,15.3,3.83,Breast Cancer
763,37,Male,32.0,137,109,233,131,7.6,26.1,Former,Moderate,Moderate,1,1,1,135,0,1.6,9.5,5.78,14.8,4.02,Diabetes
764,52,Male,36.0,146,94,154,89,4.8,90.3,Former,Heavy,High,1,0,1,145,0,0.4,7.9,5.41,9.9,3.2,Breast Cancer
765,51,Male,37.5,190,85,242,140,5.5,89.0,Never,None,High,1,3,1,138,1,5.9,6.1,4.85,11.5,2.79,Heart Disease
766,47,Male,36.3,197,101,322,128,5.0,261.8,Current,Heavy,Moderate,0,3,1,128,1,1.5,9.0,4.79,17.1,4.35,Heart Disease
767,64,Male,35.8,189,90,272,104,5.2,113.3,Current,None,High,0,2,2,66,1,4.2,9.4,5.27,17.0,2.55,Heart Disease
768,49,Female,34.6,143,100,258,249,7.6,262.3,Former,None,Moderate,1,0,1,144,0,0.9,7.7,6.02,11.2,1.83,Diabetes
769,24,Female,20.9,94,65,180,75,4.2,145.9,Current,Heavy,High,1,0,0,90,0,0.2,10.9,5.56,10.4,2.46,Healthy
770,42,Female,28.6,174,108,257,263,7.0,184.2,Never,Heavy,High,0,0,0,110,0,1.7,7.0,4.61,15.5,1.82,Diabetes
771,63,Female,36.8,132,95,274,131,10.4,53.4,Former,Heavy,Moderate,1,0,1,80,0,0.3,7.1,3.88,17.3,0.54,Diabetes
772,41,Male,20.1,127,67,186,71,4.5,182.5,Never,Heavy,Moderate,0,0,0,150,0,0.1,8.6,4.58,10.9,0.88,Healthy
773,52,Male,32.3,188,89,240,240,11.0,286.9,Never,Moderate,Moderate,1,1,0,81,0,0.9,10.7,4.34,17.6,3.2,Diabetes
774,40,Female,24.8,113,64,157,89,5.4,197.4,Former,Moderate,High,0,0,0,131,0,0.4,8.1,4.92,12.7,1.7,Healthy
775,61,Female,34.2,154,102,265,111,4.8,152.4,Former,Heavy,Moderate,0,0,1,80,0,1.1,8.4,5.1,8.1,1.25,Breast Cancer
776,32,Male,28.4,119,60,261,117,5.5,4.1,Never,Heavy,High,0,0,1,77,0,0.8,7.4,4.95,8.4,1.96,Breast Cancer
777,56,Female,26.4,184,103,258,123,5.7,114.3,Never,None,High,1,2,2,68,1,2.6,4.1,4.61,15.1,1.41,Heart Disease
778,58,Female,34.3,169,83,211,154,10.2,61.6,Former,None,Moderate,1,0,1,178,0,0.6,7.3,5.19,17.2,4.94,Diabetes
779,74,Female,27.2,168,104,312,123,5.8,146.7,Former,None,High,1,2,2,103,1,2.1,6.9,4.14,15.5,0.78,Heart Disease
780,69,Female,37.0,143,98,323,136,5.6,168.9,Never,Moderate,Moderate,1,3,2,84,1,3.3,5.5,5.84,17.7,2.27,Heart Disease
781,39,Male,24.0,122,87,192,88,4.1,246.2,Never,None,Low,0,0,0,194,0,0.5,5.0,5.55,16.0,0.84,Healthy
782,39,Male,33.7,168,95,243,158,8.2,251.4,Current,Heavy,High,1,1,1,163,0,1.7,7.7,3.7,14.9,3.92,Diabetes
783,70,Female,34.7,145,91,287,105,6.3,72.3,Current,None,High,1,3,2,78,1,2.5,8.9,3.67,16.6,4.42,Heart Disease
784,45,Male,34.8,135,75,204,244,8.7,177.2,Former,Heavy,High,1,0,1,163,0,0.2,9.6,6.25,13.3,3.94,Diabetes
785,75,Male,32.3,150,69,255,127,6.2,281.9,Never,Moderate,Low,1,3,1,126,1,3.1,5.9,3.74,16.5,4.98,Heart Disease
786,53,Male,19.9,108,69,132,79,4.5,52.1,Former,Heavy,High,0,0,0,186,0,0.4,4.6,5.25,17.5,0.55,Healthy
787,39,Male,19.8,115,109,177,79,4.9,40.0,Never,Moderate,High,0,0,0,188,0,0.5,5.7,5.01,12.7,2.23,Healthy
788,51,Female,31.0,140,105,306,115,5.1,264.4,Never,Moderate,Low,0,2,1,128,1,5.9,9.2,5.21,12.2,1.1,Heart Disease
789,38,Male,42.2,178,101,213,256,7.9,143.8,Former,Heavy,Moderate,0,0,1,76,0,0.9,10.9,6.02,8.8,3.45,Diabetes
790,23,Female,22.3,93,69,209,104,4.9,68.5,Former,Moderate,Low,0,0,0,118,0,0.2,9.0,6.48,15.5,3.67,Healthy
791,40,Male,31.3,172,65,264,298,7.8,138.5,Never,Heavy,Low,1,0,1,171,0,0.1,4.2,6.37,12.2,0.56,Diabetes
792,37,Male,29.1,118,94,196,94,5.3,271.0,Never,Heavy,Low,1,0,0,112,0,0.3,4.5,4.95,11.6,4.03,Breast Cancer
793,66,Male,30.2,135,71,263,300,7.0,242.4,Never,Moderate,Moderate,1,1,0,173,0,1.5,10.7,3.52,11.3,3.63,Diabetes
794,51,Male,25.1,111,96,222,119,6.3,268.9,Former,Moderate,High,0,1,0,187,0,0.6,9.3,4.72,10.7,4.06,Breast Cancer
795,51,Female,43.6,152,73,190,127,7.8,4.8,Current,None,Moderate,0,1,0,167,0,0.4,8.7,4.44,11.9,1.18,Diabetes
796,20,Female,18.6,121,69,128,77,5.0,96.5,Former,Heavy,Moderate,0,0,0,176,0,0.3,9.5,4.23,11.9,3.48,Healthy
797,45,Female,26.5,113,72,203,81,4.2,202.9,Former,Moderate,High,0,0,0,99,0,0.4,9.3,4.14,10.4,3.12,Healthy
798,46,Female,30.9,128,60,229,105,5.8,58.7,Never,None,High,1,0,0,135,0,0.3,10.8,4.58,13.4,2.57,Breast Cancer
799,51,Male,31.9,142,100,267,126,6.5,274.1,Never,Moderate,Moderate,0,3,1,82,1,6.0,4.3,3.61,17.2,0.66,Heart Disease
800,52,Female,31.5,116,101,213,127,4.8,112.8,Current,Moderate,Moderate,0,0,0,123,0,0.6,6.5,3.91,13.1,2.32,Breast Cancer
801,59,Female,27.7,148,95,297,117,5.5,122.8,Current,Heavy,Moderate,1,2,2,92,1,1.9,9.2,4.12,13.8,2.28,Heart Disease
802,65,Male,33.5,196,79,326,92,6.4,291.7,Former,None,High,1,3,2,108,1,3.2,7.6,5.67,15.6,2.6,Heart Disease
803,56,Male,35.5,149,70,222,117,6.1,296.3,Current,Moderate,High,0,2,2,62,1,3.6,5.4,4.91,15.2,1.38,Heart Disease
804,28,Male,20.6,96,64,145,98,4.5,77.9,Current,Moderate,Moderate,1,0,0,183,0,0.5,6.8,4.71,16.0,4.21,Healthy
805,48,Male,26.2,179,85,312,118,5.7,116.5,Never,Moderate,Moderate,0,2,2,89,1,4.8,10.6,4.93,12.7,0.79,Heart Disease
806,46,Male,27.1,183,79,283,94,5.3,251.8,Former,None,Low,0,3,2,137,1,3.9,9.6,4.68,18.0,2.64,Heart Disease
807,20,Female,19.0,92,109,175,104,4.7,99.3,Never,None,High,0,0,0,123,0,0.4,5.0,3.5,10.6,1.31,Healthy
808,32,Female,23.1,118,67,183,119,4.5,196.4,Current,None,Low,1,1,0,131,0,0.7,6.1,3.87,10.9,3.96,Breast Cancer
809,47,Male,36.7,182,95,245,133,5.6,289.9,Never,None,Low,0,2,2,81,1,2.0,7.6,4.8,12.0,4.1,Heart Disease
810,38,Female,30.3,148,91,218,128,7.8,272.7,Current,None,High,1,1,1,174,0,0.5,8.3,4.44,15.6,3.13,Diabetes
811,61,Male,33.1,138,75,211,154,10.5,286.5,Former,Moderate,High,0,0,1,136,0,1.7,8.3,6.43,12.1,2.78,Diabetes
812,68,Male,43.5,184,88,196,207,11.7,256.3,Never,Moderate,High,0,0,0,160,0,1.5,6.1,5.64,12.0,2.82,Diabetes
813,24,Female,26.9,121,84,196,86,5.1,237.8,Former,Moderate,Low,0,0,0,191,0,0.3,4.6,3.87,13.8,4.21,Healthy
814,48,Male,30.3,160,101,225,259,7.7,235.3,Former,Heavy,Low,1,1,1,115,0,0.6,9.9,5.49,16.8,3.82,Diabetes
815,45,Female,29.3,130,90,267,131,11.1,201.7,Former,None,Moderate,1,1,0,124,0,0.6,5.4,5.05,10.7,3.23,Diabetes
816,21,Female,23.7,99,95,164,85,5.4,264.3,Former,Moderate,Moderate,0,0,0,153,0,0.2,4.9,4.83,11.0,4.11,Healthy
817,49,Female,44.5,173,100,184,291,9.0,132.0,Current,Heavy,Moderate,0,1,1,87,0,1.1,5.8,4.02,9.7,4.98,Diabetes
818,73,Male,27.5,159,96,338,106,5.9,296.4,Current,Heavy,High,1,2,1,115,1,5.6,10.7,5.21,14.8,1.11,Heart Disease
819,48,Female,37.7,181,110,273,120,6.1,197.2,Current,None,Low,0,3,2,134,1,4.4,5.0,6.44,13.9,1.76,Heart Disease
820,42,Male,33.8,142,73,212,156,10.9,267.4,Current,Moderate,Low,1,1,1,78,0,1.2,10.9,5.89,10.4,1.58,Diabetes
821,70,Male,29.8,164,79,242,98,5.2,12.4,Current,Heavy,Low,0,3,1,124,1,2.1,9.2,5.35,10.8,1.03,Heart Disease
822,50,Female,26.9,174,88,268,95,5.1,90.0,Former,Moderate,High,0,3,2,85,1,1.6,5.3,5.99,13.3,4.03,Heart Disease
823,56,Female,28.9,135,96,293,285,8.6,273.7,Current,Heavy,Moderate,0,1,0,138,0,1.9,8.1,4.3,16.9,0.77,Diabetes
824,38,Female,30.7,145,68,199,118,5.0,298.5,Current,None,Moderate,1,1,1,139,0,1.2,7.5,3.54,17.9,3.1,Breast Cancer
825,26,Male,26.6,111,85,205,96,4.7,61.4,Never,None,High,1,0,0,103,0,0.4,11.0,5.62,15.1,1.25,Healthy
826,48,Male,26.8,140,63,234,121,5.6,177.5,Current,Heavy,High,1,2,1,106,1,2.9,8.3,5.01,8.7,3.29,Heart Disease
827,47,Male,29.8,146,106,257,97,6.2,49.6,Former,Heavy,Low,0,2,1,96,1,5.1,4.0,6.46,13.1,2.65,Heart Disease
828,35,Female,38.3,182,66,191,235,8.1,215.0,Current,Heavy,Low,0,0,1,172,0,0.7,4.8,3.95,13.9,0.78,Diabetes
829,47,Male,33.4,175,90,262,109,5.8,293.7,Never,Moderate,Moderate,1,2,1,134,1,3.1,4.6,5.92,8.6,2.19,Heart Disease
830,31,Male,26.5,114,60,181,94,5.3,276.5,Never,Heavy,High,0,0,0,170,0,0.2,6.0,4.76,11.2,4.01,Healthy
831,63,Female,44.3,132,84,273,177,11.9,195.0,Current,None,Moderate,1,1,1,75,0,1.5,9.6,4.16,13.6,3.13,Diabetes
832,42,Male,24.4,144,82,224,120,6.3,81.4,Never,Moderate,High,0,1,1,120,0,0.5,4.3,5.19,17.7,0.83,Breast Cancer
833,47,Male,41.2,149,103,169,283,11.1,288.6,Former,None,Moderate,1,1,1,79,0,0.7,4.6,5.75,12.1,4.32,Diabetes
834,56,Male,42.4,146,71,279,138,11.8,133.2,Never,None,High,0,0,0,169,0,0.7,4.7,4.37,16.9,1.17,Diabetes
835,67,Female,28.1,145,108,260,106,5.4,271.6,Current,Moderate,Low,1,3,2,82,1,2.5,8.1,5.57,9.2,4.17,Heart Disease
836,70,Male,44.0,155,69,205,198,9.3,227.4,Never,None,Moderate,0,1,1,91,0,0.7,9.0,3.9,13.8,2.97,Diabetes
837,60,Female,32.3,181,99,238,140,6.4,269.6,Current,Heavy,Moderate,1,2,1,75,1,2.0,7.6,4.34,16.5,4.98,Heart Disease
838,56,Male,28.1,144,104,258,105,5.3,263.4,Current,Heavy,Low,0,2,1,99,1,3.1,6.2,6.29,16.9,2.7,Heart Disease
839,57,Male,27.3,157,100,223,98,5.4,282.9,Never,Moderate,Moderate,0,2,1,71,1,2.6,7.4,5.89,11.8,3.33,Heart Disease
840,57,Male,43.2,168,106,272,158,9.8,292.3,Never,Moderate,Moderate,0,1,1,112,0,1.2,7.6,4.17,12.5,1.35,Diabetes
841,53,Female,36.2,148,102,170,289,9.5,84.9,Current,None,Moderate,1,1,1,135,0,1.6,8.3,4.89,8.3,4.8,Diabetes
842,48,Female,35.7,198,85,328,101,6.5,126.9,Current,Moderate,High,1,3,2,90,1,4.5,9.1,6.43,8.5,2.8,Heart Disease
843,45,Male,28.0,144,68,259,123,5.1,211.8,Current,Heavy,High,1,2,1,94,1,4.7,10.3,6.42,9.2,3.53,Heart Disease
844,62,Female,26.5,138,71,217,129,5.3,81.8,Former,Heavy,Moderate,0,0,1,124,0,0.1,5.9,5.9,8.7,3.73,Breast Cancer
845,47,Male,26.1,117,95,263,103,5.8,214.5,Current,Heavy,Moderate,0,0,1,186,0,1.2,5.2,3.65,12.4,3.06,Breast Cancer
846,29,Female,26.5,130,102,145,87,5.4,269.3,Never,Moderate,High,0,0,0,170,0,0.2,6.7,4.88,12.4,1.04,Healthy
847,39,Male,29.3,153,68,287,235,8.0,285.8,Former,None,Moderate,1,0,1,173,0,1.5,5.0,6.32,14.5,2.39,Diabetes
848,63,Male,35.6,194,94,249,118,6.1,186.8,Former,Moderate,High,1,2,1,96,1,4.4,7.0,5.04,10.0,4.66,Heart Disease
849,58,Female,37.0,199,74,310,128,6.4,59.6,Former,None,Low,1,2,1,105,1,3.0,5.8,5.0,12.4,1.33,Heart Disease
850,66,Male,32.3,151,106,176,199,7.5,280.8,Current,Moderate,Moderate,1,0,1,163,0,1.0,8.0,5.03,11.1,3.1,Diabetes
851,68,Female,30.0,125,64,219,109,6.1,224.6,Never,Moderate,High,1,0,1,176,0,0.7,9.3,3.97,9.5,2.8,Breast Cancer
852,35,Male,33.4,185,79,188,272,10.2,153.1,Former,Moderate,Low,0,0,0,170,0,1.3,7.6,5.77,15.8,0.97,Diabetes
853,22,Male,23.0,117,98,127,82,4.4,23.6,Former,Moderate,Moderate,0,0,0,186,0,0.2,8.6,3.67,17.0,4.21,Healthy
854,53,Male,28.5,165,105,284,120,5.8,47.6,Former,None,Low,1,2,1,114,1,5.3,10.4,4.58,16.1,1.07,Heart Disease
855,50,Male,28.0,195,83,320,102,5.7,251.3,Never,Heavy,Low,0,3,1,72,1,5.3,4.5,6.23,13.1,3.12,Heart Disease
856,32,Female,24.5,120,78,180,104,4.1,33.7,Former,Heavy,High,1,0,0,189,0,0.3,6.5,5.36,8.7,3.55,Healthy
857,39,Male,29.2,124,93,161,119,5.2,290.9,Never,None,Moderate,0,0,0,142,0,1.3,5.6,5.57,13.4,4.62,Breast Cancer
858,61,Male,41.6,173,82,252,138,7.4,120.4,Current,Heavy,Low,1,0,1,108,0,1.0,7.2,3.75,10.2,2.63,Diabetes
859,63,Male,43.5,132,104,196,133,11.1,137.4,Former,Moderate,High,0,1,1,124,0,1.2,10.0,3.67,11.1,3.62,Diabetes
860,56,Male,37.9,149,68,228,187,10.8,251.4,Former,Heavy,Moderate,1,0,1,151,0,0.5,4.4,3.91,13.0,2.49,Diabetes
861,64,Male,32.9,140,107,218,208,9.2,277.0,Former,Moderate,High,0,1,1,110,0,0.9,8.7,6.21,10.1,1.2,Diabetes
862,70,Female,39.6,157,103,249,73,4.6,218.7,Current,Moderate,Moderate,1,0,1,84,0,1.3,8.2,5.6,10.1,2.26,Breast Cancer
863,36,Male,33.1,131,98,216,83,6.2,52.7,Former,Moderate,High,0,0,1,155,0,0.2,9.5,4.93,17.0,4.82,Breast Cancer
864,45,Female,26.3,120,80,179,71,5.5,44.0,Former,None,High,1,0,0,174,0,0.2,4.3,5.6,8.5,3.23,Healthy
865,33,Female,22.7,101,63,183,72,5.5,152.1,Current,Moderate,High,1,0,0,112,0,0.2,8.4,6.43,9.7,3.53,Healthy
866,61,Male,38.6,178,82,221,193,11.9,130.6,Former,Moderate,Low,1,0,0,101,0,1.9,10.7,6.28,16.3,3.24,Diabetes
867,59,Male,33.9,143,69,226,129,6.1,30.2,Current,None,High,0,0,1,135,0,1.2,4.4,6.12,11.1,4.95,Breast Cancer
868,66,Male,32.0,133,89,171,287,11.3,239.9,Never,Heavy,High,0,0,1,138,0,0.2,9.1,5.98,11.0,0.7,Diabetes
869,30,Female,19.3,117,109,148,77,5.0,114.9,Current,Moderate,Low,0,0,0,151,0,0.1,10.9,5.3,13.9,4.91,Healthy
870,61,Female,40.2,161,86,290,230,7.0,160.8,Current,None,Moderate,1,0,0,165,0,0.6,7.1,6.47,13.0,0.6,Diabetes
871,59,Male,37.0,180,89,327,111,5.2,195.1,Former,None,High,0,3,1,113,1,2.7,10.4,6.11,15.5,2.07,Heart Disease
872,38,Female,34.5,180,62,219,165,8.0,116.4,Current,None,Low,1,0,1,127,0,0.6,10.0,6.47,15.3,4.46,Diabetes
873,69,Male,35.1,194,73,262,128,5.6,8.8,Never,None,Low,1,2,1,104,1,4.7,5.4,4.93,15.0,2.89,Heart Disease
874,65,Male,33.2,148,80,339,120,6.1,140.3,Former,Heavy,High,1,3,1,114,1,2.2,4.5,3.95,11.8,4.35,Heart Disease
875,59,Female,42.6,138,103,185,266,10.0,129.6,Current,None,Moderate,0,0,0,102,0,1.1,9.4,3.72,17.7,0.69,Diabetes
876,52,Female,38.0,173,76,240,244,11.0,182.8,Current,Moderate,Moderate,0,1,1,180,0,1.8,9.2,5.88,15.9,1.99,Diabetes
877,65,Male,25.5,143,92,265,81,6.3,88.1,Current,Heavy,Moderate,1,1,0,103,0,0.9,7.5,3.66,13.6,2.42,Breast Cancer
878,43,Male,41.3,182,75,182,295,7.6,167.4,Former,Heavy,High,1,1,1,117,0,1.4,9.7,4.01,13.4,2.55,Diabetes
879,35,Female,41.4,160,82,194,237,8.1,195.0,Never,Moderate,High,0,0,1,116,0,1.3,4.8,5.27,13.9,0.91,Diabetes
880,38,Male,25.3,95,84,127,86,5.4,207.2,Current,Moderate,Moderate,0,0,0,184,0,0.4,10.4,4.08,17.2,4.6,Healthy
881,51,Male,34.5,176,83,273,131,5.3,161.4,Never,None,High,1,2,2,140,1,5.6,10.2,6.12,14.2,2.54,Heart Disease
882,53,Male,34.6,134,70,267,128,5.8,176.1,Current,Heavy,Moderate,0,1,0,118,0,0.4,10.6,5.34,9.9,4.37,Breast Cancer
883,59,Male,36.8,167,105,319,116,5.6,267.0,Current,None,Low,0,3,2,111,1,4.9,4.5,4.1,13.5,0.67,Heart Disease
884,40,Male,40.6,187,95,219,191,10.7,288.1,Never,None,Moderate,1,1,0,160,0,1.2,9.7,5.71,10.6,3.35,Diabetes
885,38,Female,26.6,124,105,160,99,5.6,167.2,Never,Heavy,Moderate,0,0,0,162,0,1.2,6.5,4.52,14.8,4.72,Breast Cancer
886,64,Female,24.5,112,90,183,71,6.2,166.7,Former,None,Moderate,1,0,0,160,0,1.4,4.5,5.1,8.8,0.89,Breast Cancer
887,66,Female,34.7,197,81,250,131,5.1,251.2,Current,Moderate,Low,1,2,2,123,1,2.9,5.1,4.48,16.1,3.21,Heart Disease
888,61,Female,28.2,163,98,306,93,5.2,64.2,Never,None,High,1,2,2,109,1,5.7,6.9,5.01,16.3,1.81,Heart Disease
889,75,Female,29.8,161,74,278,136,5.1,299.7,Never,None,Low,1,2,2,140,1,5.7,5.4,4.31,9.5,4.39,Heart Disease
890,52,Male,27.0,105,60,124,105,4.9,52.4,Former,Moderate,Low,0,0,0,187,0,0.1,8.7,6.24,15.8,2.53,Healthy
891,68,Male,38.2,155,98,162,222,9.8,188.5,Current,Moderate,High,1,1,1,105,0,1.4,6.4,4.09,10.5,3.21,Diabetes
892,37,Female,42.7,181,91,230,282,9.1,58.9,Former,None,Low,0,1,1,136,0,0.3,6.8,5.01,9.2,4.35,Diabetes
893,60,Male,33.8,146,100,285,95,5.4,158.8,Former,Heavy,Moderate,1,3,1,123,1,4.1,5.1,5.26,8.9,3.12,Heart Disease
894,65,Male,34.0,155,90,187,100,5.3,218.9,Former,Heavy,High,1,1,0,112,0,0.5,5.2,5.3,14.7,2.69,Breast Cancer
895,50,Male,36.2,188,103,259,262,7.0,127.7,Current,None,High,1,1,1,169,0,1.6,6.9,5.48,10.2,0.86,Diabetes
896,47,Female,31.6,167,94,229,147,6.7,29.6,Never,Heavy,Moderate,0,0,0,105,0,0.3,9.2,4.76,12.1,3.91,Diabetes
897,48,Male,36.0,159,108,275,97,5.1,197.5,Never,Heavy,Moderate,1,3,2,94,1,4.6,9.0,3.65,12.6,3.06,Heart Disease
898,36,Female,30.3,165,61,243,224,7.8,50.3,Former,Moderate,Low,1,1,0,79,0,0.5,8.1,5.39,10.9,1.46,Diabetes
899,30,Male,20.6,102,100,191,71,4.9,103.2,Current,None,High,1,0,0,135,0,0.4,6.4,6.3,10.9,2.75,Healthy
900,49,Male,31.9,149,106,287,104,5.2,129.3,Current,None,Moderate,0,2,1,135,1,6.1,5.8,4.2,8.7,3.44,Heart Disease
901,74,Male,29.0,156,60,281,98,5.2,174.6,Current,None,Moderate,0,2,1,65,1,5.1,5.3,4.8,8.2,3.19,Heart Disease
902,37,Female,34.1,138,66,185,150,10.7,5.6,Former,Moderate,High,1,1,1,91,0,0.7,7.1,6.2,9.4,1.78,Diabetes
903,21,Female,21.2,117,83,171,99,5.5,112.6,Current,None,Moderate,1,0,0,176,0,0.5,9.8,3.79,12.7,4.36,Healthy
904,65,Female,27.4,153,91,288,137,6.4,163.2,Current,Heavy,Moderate,1,3,2,76,1,3.7,8.9,6.38,8.6,3.63,Heart Disease
905,37,Female,36.2,132,88,266,280,9.6,154.0,Never,Heavy,High,1,1,0,128,0,0.5,11.0,6.1,9.2,0.92,Diabetes
906,51,Female,43.9,186,108,281,289,10.1,198.5,Former,None,Low,1,1,1,82,0,1.5,9.8,6.16,15.8,0.7,Diabetes
907,53,Female,34.8,178,104,238,127,6.5,274.3,Never,Moderate,High,1,2,2,71,1,5.1,6.7,3.94,16.3,3.33,Heart Disease
908,53,Female,31.5,136,93,208,96,5.1,122.1,Never,Heavy,Moderate,1,0,0,113,0,0.6,9.3,4.53,10.9,4.79,Breast Cancer
909,66,Female,26.1,191,74,257,128,6.2,45.6,Former,Heavy,Moderate,1,2,2,80,1,2.2,5.8,4.6,16.1,1.57,Heart Disease
910,41,Female,23.2,115,81,188,95,4.7,70.7,Current,None,Moderate,0,0,0,145,0,0.3,4.5,5.35,13.8,3.8,Healthy
911,68,Male,26.8,149,60,236,94,5.1,296.6,Current,Heavy,Moderate,0,3,2,91,1,2.1,9.6,4.79,11.0,3.6,Heart Disease
912,32,Male,25.4,124,87,182,70,4.7,190.3,Never,Moderate,High,0,0,0,96,0,0.2,7.7,4.41,8.5,1.8,Healthy
913,61,Male,37.5,156,66,250,129,9.0,164.7,Former,None,Low,1,1,0,130,0,0.1,6.0,6.38,9.4,1.98,Diabetes
914,53,Male,36.6,188,69,247,114,6.4,243.4,Never,None,Low,1,3,2,97,1,6.2,7.3,3.75,11.5,4.51,Heart Disease
915,68,Female,28.9,165,104,228,105,6.2,257.8,Former,Moderate,High,0,3,2,112,1,5.1,7.5,4.84,17.3,1.14,Heart Disease
916,54,Male,39.1,158,62,219,293,11.0,197.9,Former,Heavy,Moderate,1,1,1,170,0,1.2,9.1,3.92,15.5,4.29,Diabetes
917,72,Female,31.6,162,86,237,91,6.3,105.8,Current,None,Moderate,1,2,2,77,1,3.4,10.9,3.89,13.2,4.53,Heart Disease
918,54,Female,39.7,146,83,208,97,5.0,99.0,Never,Moderate,High,1,0,0,159,0,1.3,6.8,5.27,17.9,4.5,Breast Cancer
919,72,Female,30.1,191,94,303,129,6.2,216.4,Current,Heavy,Low,0,3,2,95,1,4.4,4.2,5.12,17.5,4.52,Heart Disease
920,45,Female,31.7,178,86,262,101,5.7,48.7,Current,None,Moderate,0,3,2,137,1,2.6,9.7,5.81,16.5,2.71,Heart Disease
921,35,Female,37.9,151,73,166,206,10.5,115.5,Never,Heavy,Low,1,1,1,172,0,1.7,9.2,6.13,9.8,0.67,Diabetes
922,42,Male,32.5,172,96,210,214,11.5,184.3,Never,Heavy,High,1,1,0,93,0,0.6,6.1,4.85,11.1,1.36,Diabetes
923,36,Male,37.9,147,94,273,137,10.1,74.9,Never,Moderate,Low,0,0,1,148,0,0.8,8.3,6.45,8.9,2.89,Diabetes
924,70,Female,31.3,184,78,267,106,5.8,161.3,Former,Moderate,Moderate,0,3,2,80,1,5.4,8.7,4.16,10.2,1.09,Heart Disease
925,69,Male,41.4,152,66,251,162,9.4,282.0,Current,Heavy,High,0,1,1,106,0,1.2,5.4,5.42,8.9,3.67,Diabetes
926,56,Female,32.9,140,97,283,221,8.6,209.4,Current,Moderate,Moderate,1,1,0,96,0,0.3,4.1,3.59,10.2,3.58,Diabetes
927,50,Female,37.4,179,92,335,108,5.3,3.9,Current,Heavy,Low,0,2,2,136,1,5.3,9.6,3.84,11.6,1.31,Heart Disease
928,45,Male,30.7,136,103,205,140,9.1,237.8,Former,Moderate,Moderate,1,0,1,158,0,1.0,9.9,5.03,17.1,0.73,Diabetes
929,44,Female,18.9,98,105,206,82,5.3,258.9,Current,Heavy,Moderate,0,0,0,94,0,0.1,5.0,6.2,13.0,3.96,Healthy
930,69,Female,27.4,188,63,320,137,6.2,41.5,Former,Heavy,Low,1,3,1,106,1,1.6,5.3,5.41,10.4,3.73,Heart Disease
931,62,Male,36.3,174,79,349,137,6.3,12.9,Current,Heavy,Moderate,1,2,2,75,1,5.9,10.7,6.42,13.4,0.86,Heart Disease
932,54,Female,25.9,124,110,151,87,4.5,193.0,Current,Heavy,High,0,0,0,115,0,0.0,8.0,5.6,9.9,3.2,Healthy
933,44,Male,22.6,127,77,153,86,5.3,79.3,Current,Moderate,High,0,0,0,114,0,0.2,9.6,3.88,8.1,3.78,Healthy
934,45,Female,33.4,130,104,191,125,6.1,60.8,Former,Heavy,Low,0,0,0,188,0,1.1,4.0,3.96,10.3,4.79,Breast Cancer
935,52,Female,28.4,198,83,243,101,5.6,174.6,Current,Moderate,Low,1,3,1,137,1,2.7,9.4,4.03,17.7,1.81,Heart Disease
936,54,Male,28.9,198,108,308,105,5.3,152.6,Current,Moderate,Moderate,0,3,1,82,1,6.1,10.2,4.42,17.6,4.49,Heart Disease
937,56,Male,34.0,134,70,189,155,7.5,236.4,Current,Heavy,High,1,0,0,104,0,2.0,9.3,4.19,16.7,4.76,Diabetes
938,53,Female,34.1,170,67,282,114,6.3,263.7,Former,None,Moderate,0,3,2,64,1,2.7,6.2,4.4,12.4,4.82,Heart Disease
939,52,Female,25.6,117,74,160,87,5.9,133.9,Current,Moderate,High,0,1,1,129,0,0.3,10.1,4.48,8.4,1.92,Breast Cancer
940,26,Male,19.7,95,92,164,74,4.3,220.6,Never,Moderate,Low,0,0,0,146,0,0.4,10.2,5.94,16.7,3.16,Healthy
941,48,Female,36.4,150,96,299,112,6.2,74.9,Current,Heavy,High,1,3,2,115,1,1.8,10.1,3.64,11.8,2.92,Heart Disease
942,36,Female,37.5,168,65,276,163,10.7,157.3,Former,Moderate,High,0,1,1,81,0,0.7,10.0,3.59,13.5,3.19,Diabetes
943,63,Female,26.3,162,77,275,134,5.3,154.4,Never,None,High,1,2,2,119,1,3.6,9.7,4.96,14.1,0.59,Heart Disease
944,28,Male,22.6,93,100,171,81,4.8,39.9,Current,Heavy,High,0,0,0,177,0,0.3,10.4,4.07,8.3,2.8,Healthy
945,34,Female,35.5,112,90,261,86,5.4,259.0,Never,None,Low,1,1,1,139,0,0.2,10.3,5.9,10.4,1.78,Breast Cancer
946,64,Male,44.4,161,90,226,186,8.9,218.2,Current,Moderate,High,0,0,0,100,0,0.2,4.9,4.02,13.0,2.4,Diabetes
947,61,Female,25.8,169,105,239,108,5.8,205.6,Former,Heavy,High,0,3,1,124,1,5.0,8.1,6.12,16.6,2.26,Heart Disease
948,39,Male,42.1,170,77,290,249,7.4,77.1,Current,None,High,0,0,0,165,0,1.4,5.3,4.89,13.5,1.76,Diabetes
949,40,Female,23.4,153,66,228,79,5.9,241.2,Never,None,High,0,1,0,136,0,0.0,4.1,4.9,8.4,1.41,Breast Cancer
950,38,Male,31.7,146,87,183,84,4.8,298.7,Current,Moderate,Low,1,0,1,84,0,0.4,9.0,3.69,9.2,1.11,Breast Cancer
951,69,Male,32.1,140,79,306,106,6.4,236.6,Current,Moderate,Moderate,1,3,2,115,1,3.3,6.8,3.52,15.7,4.97,Heart Disease
952,60,Female,32.1,176,99,300,260,9.3,243.2,Former,Moderate,High,1,1,1,127,0,0.1,5.1,3.68,8.7,1.4,Diabetes
953,59,Female,29.5,196,103,254,119,6.2,108.9,Current,Moderate,Low,0,2,2,128,1,6.1,9.6,5.16,10.0,4.7,Heart Disease
954,43,Male,21.0,93,97,148,86,5.4,196.7,Current,Moderate,Low,0,0,0,103,0,0.3,7.3,5.82,14.5,1.12,Healthy
955,60,Male,37.6,160,74,242,120,5.2,258.9,Former,Moderate,High,0,1,0,151,0,1.2,9.5,4.51,12.2,0.95,Breast Cancer
956,49,Female,32.9,160,101,256,126,10.7,190.0,Former,Moderate,High,1,1,0,154,0,0.5,8.0,4.53,12.9,4.75,Diabetes
957,40,Male,20.3,93,109,150,85,5.3,60.5,Never,Heavy,High,0,0,0,166,0,0.3,7.9,6.15,15.4,0.63,Healthy
958,40,Male,39.4,162,73,190,294,11.3,165.6,Former,Heavy,High,1,0,1,148,0,1.2,10.7,4.16,8.3,2.45,Diabetes
959,51,Female,34.5,132,90,189,77,4.8,253.9,Never,Heavy,Low,0,1,0,157,0,0.8,8.5,4.54,16.2,3.92,Breast Cancer
960,61,Female,37.6,189,83,237,200,8.1,6.5,Former,Moderate,Low,1,0,1,94,0,1.3,8.0,4.37,15.9,3.66,Diabetes
961,44,Male,28.3,131,83,156,106,4.7,56.7,Never,Heavy,High,1,0,1,119,0,0.1,10.9,4.05,11.0,3.89,Breast Cancer
962,45,Male,24.9,92,81,185,86,5.0,68.6,Never,None,Low,1,0,0,100,0,0.4,5.3,5.87,9.7,4.77,Healthy
963,49,Male,25.8,196,108,224,135,5.3,154.7,Former,None,High,0,3,2,88,1,4.6,5.7,5.01,16.5,3.76,Heart Disease
964,41,Male,39.2,139,103,162,231,8.8,115.8,Former,None,Moderate,1,0,1,117,0,1.9,7.9,4.31,13.5,2.55,Diabetes
965,43,Female,39.2,142,62,246,123,5.0,62.4,Never,None,Moderate,0,1,0,150,0,0.5,6.0,6.48,10.8,3.96,Breast Cancer
966,34,Female,29.1,136,86,205,97,5.3,55.7,Never,Moderate,Low,1,0,0,135,0,0.2,9.9,5.84,14.6,3.77,Breast Cancer
967,44,Male,19.1,107,72,186,74,5.3,179.2,Current,Moderate,Low,1,0,0,138,0,0.4,10.1,4.18,11.8,4.33,Healthy
968,50,Female,29.7,190,104,246,122,6.5,203.5,Former,Heavy,Moderate,1,3,2,62,1,5.9,6.4,6.02,8.7,2.61,Heart Disease
969,54,Male,32.6,187,83,240,185,11.6,273.9,Current,Heavy,Moderate,1,1,1,71,0,0.3,7.6,3.66,8.3,0.67,Diabetes
970,27,Female,26.8,124,86,198,85,5.2,277.7,Never,Heavy,Low,0,0,0,196,0,0.3,8.3,5.48,13.0,4.9,Healthy
971,35,Female,36.2,137,65,173,285,11.1,207.7,Former,Moderate,Low,0,1,1,136,0,0.2,7.6,4.6,17.6,2.97,Diabetes
972,66,Male,25.9,118,82,192,114,4.9,99.5,Former,None,High,1,1,1,139,0,0.2,7.1,6.0,17.9,4.67,Breast Cancer
973,27,Female,21.9,94,97,135,73,5.6,141.7,Current,None,High,0,0,0,184,0,0.1,8.1,6.04,13.0,3.6,Healthy
974,37,Female,39.1,110,64,198,127,5.7,130.9,Never,Moderate,Low,0,0,0,122,0,0.2,4.4,3.59,11.3,3.02,Breast Cancer
975,58,Male,37.6,148,70,162,79,4.9,15.4,Never,Heavy,High,1,0,0,130,0,1.1,6.0,6.42,8.7,2.91,Breast Cancer
976,53,Male,20.6,90,105,143,83,5.1,118.7,Current,Heavy,High,0,0,0,179,0,0.5,10.6,4.72,16.0,0.73,Healthy
977,52,Female,34.4,161,66,256,128,5.1,38.2,Former,None,Moderate,0,2,2,66,1,1.6,9.7,4.9,10.3,0.51,Heart Disease
978,36,Male,31.6,120,75,238,117,5.9,89.3,Never,Heavy,Moderate,0,0,0,160,0,0.5,10.6,6.21,11.3,0.61,Breast Cancer
979,70,Male,31.2,162,110,164,144,10.5,285.9,Current,Moderate,Moderate,0,0,0,157,0,0.6,6.2,4.34,11.8,1.27,Diabetes
980,40,Male,41.0,154,93,178,299,10.6,255.5,Never,None,Low,1,0,1,140,0,0.4,9.2,6.0,10.9,2.97,Diabetes
981,46,Male,36.1,142,106,348,98,6.4,118.6,Never,Heavy,Moderate,1,3,1,70,1,3.6,10.5,5.73,11.2,4.53,Heart Disease
982,39,Female,25.3,149,106,209,89,6.4,255.5,Former,Moderate,High,0,0,1,145,0,1.3,8.0,4.62,12.8,2.25,Breast Cancer
983,34,Male,23.9,103,81,150,93,5.3,91.5,Former,Heavy,High,0,0,0,167,0,0.4,6.6,6.15,15.9,4.37,Healthy
984,68,Female,32.0,156,68,271,108,6.5,260.7,Never,Moderate,Moderate,1,2,1,113,1,2.5,5.2,5.38,16.5,3.64,Heart Disease
985,62,Male,33.4,128,60,155,79,4.9,86.7,Never,Moderate,Low,0,0,1,153,0,1.3,6.8,5.28,13.8,2.06,Breast Cancer
986,55,Female,37.2,168,93,281,180,10.1,185.3,Never,None,Low,1,0,0,96,0,1.0,10.1,3.56,15.0,4.06,Diabetes
987,30,Male,24.7,127,72,180,80,5.4,141.9,Former,Moderate,Moderate,0,0,0,200,0,0.1,8.2,4.4,12.1,2.77,Healthy
988,32,Female,30.3,123,100,180,85,4.8,74.3,Never,Heavy,Moderate,0,1,1,156,0,0.6,8.6,4.44,12.0,2.08,Breast Cancer
989,55,Male,27.8,148,93,256,102,5.0,5.7,Never,Heavy,Moderate,1,3,2,112,1,2.6,8.3,4.13,11.7,4.21,Heart Disease
990,33,Male,34.8,154,108,257,85,5.2,31.8,Never,Heavy,High,0,0,1,174,0,0.5,9.3,3.98,10.7,3.98,Breast Cancer
991,45,Female,37.4,133,77,189,76,4.7,4.2,Never,None,High,1,0,1,138,0,1.0,7.1,4.38,8.1,4.49,Breast Cancer
992,22,Female,19.9,112,81,202,80,5.7,17.8,Current,Heavy,Low,0,0,0,195,0,0.1,4.9,4.43,8.6,2.76,Healthy
993,44,Male,34.3,143,70,179,260,11.2,74.2,Never,None,Moderate,1,1,1,94,0,0.0,6.6,3.6,17.5,1.36,Diabetes
994,56,Male,29.0,152,65,226,98,5.9,13.4,Current,Moderate,High,1,3,1,91,1,3.4,8.6,4.38,15.8,3.76,Heart Disease
995,53,Male,20.3,120,69,151,86,5.4,263.7,Never,None,Low,1,0,0,98,0,0.3,5.8,6.32,10.1,4.6,Healthy
996,51,Female,33.7,164,96,298,91,5.5,126.7,Former,Heavy,Low,0,2,2,63,1,6.0,10.9,4.24,12.2,3.56,Heart Disease
997,63,Female,27.7,200,65,274,131,6.2,209.2,Current,None,Low,1,2,2,120,1,2.4,5.3,5.93,15.7,3.54,Heart Disease
998,57,Male,35.9,157,107,222,124,6.4,139.8,Former,Heavy,Low,1,3,2,71,1,2.7,7.4,5.78,11.1,3.04,Heart Disease
999,36,Male,19.8,96,99,196,103,5.1,299.1,Never,Moderate,Moderate,1,0,0,120,0,0.1,5.0,5.88,15.0,4.2,Healthy
1000,57,Female,34.8,172,93,337,115,5.4,176.5,Never,None,Low,1,3,1,73,1,2.9,4.4,4.25,16.8,4.39,Heart Disease
1001,48,Female,29.8,128,65,266,110,5.8,140.8,Former,None,High,0,0,1,168,0,0.1,5.7,5.78,9.8,2.18,Breast Cancer
1002,56,Male,29.6,164,100,307,99,5.8,242.4,Never,Moderate,High,1,2,1,100,1,4.0,8.7,4.49,11.9,4.19,Heart Disease
1003,50,Female,25.1,140,84,212,96,5.0,255.7,Never,Heavy,Moderate,0,1,1,140,0,1.3,4.2,5.52,10.2,4.33,Breast Cancer
1004,22,Male,23.0,111,70,188,99,5.6,117.5,Current,Moderate,Low,0,0,0,80,0,0.4,6.5,4.24,17.5,2.85,Healthy
1005,64,Male,38.5,153,88,271,248,8.1,126.0,Current,Heavy,Low,1,0,0,116,0,1.0,5.6,3.78,9.0,0.93,Diabetes
1006,45,Female,34.7,184,80,321,129,5.6,243.9,Never,None,High,1,3,2,88,1,1.7,5.7,3.84,14.7,1.08,Heart Disease
1007,22,Male,20.1,126,91,192,85,4.9,56.5,Current,None,Low,0,0,0,144,0,0.4,7.0,6.27,10.2,1.47,Healthy
1008,52,Female,37.4,144,98,225,81,5.4,190.2,Former,Heavy,Moderate,0,0,1,78,0,1.5,5.1,6.25,14.8,4.95,Breast Cancer
1009,48,Male,40.8,160,109,239,139,10.9,194.3,Current,Heavy,Low,1,1,0,81,0,1.2,6.5,5.86,9.7,0.87,Diabetes
1010,65,Male,30.6,190,74,349,99,5.9,285.7,Never,None,Low,1,2,1,61,1,5.5,9.1,4.41,9.0,1.8,Heart Disease
1011,51,Female,26.3,158,108,276,100,5.4,196.9,Current,None,Moderate,0,2,2,111,1,2.0,8.0,3.84,16.8,4.15,Heart Disease
1012,57,Female,28.5,146,65,244,165,10.5,187.8,Never,None,Low,0,0,1,101,0,1.4,6.1,4.22,13.6,1.02,Diabetes
1013,60,Female,35.0,147,70,154,88,5.6,33.1,Current,None,Moderate,0,0,0,92,0,1.2,4.7,3.59,11.5,2.33,Breast Cancer
1014,37,Female,30.3,132,106,153,70,4.6,290.1,Never,Moderate,Moderate,0,1,0,125,0,0.9,8.4,5.59,15.6,0.84,Breast Cancer
1015,67,Male,42.9,139,87,188,284,7.9,147.1,Current,Heavy,Moderate,0,0,0,140,0,1.6,7.0,6.13,14.4,1.26,Diabetes
1016,42,Female,24.1,127,100,171,104,4.9,285.9,Current,None,Low,0,0,0,143,0,0.1,8.2,5.38,14.2,1.48,Healthy
1017,35,Female,36.5,155,84,184,144,8.6,147.5,Current,Moderate,High,1,0,0,148,0,1.3,5.3,5.49,10.2,1.74,Diabetes
1018,73,Female,30.1,153,68,256,124,6.3,173.7,Current,Heavy,Low,1,2,1,97,1,4.9,10.9,3.63,8.4,2.98,Heart Disease
1019,45,Female,21.4,108,62,152,98,5.4,246.8,Never,Moderate,Low,0,0,0,135,0,0.3,5.0,3.58,8.9,4.97,Healthy
1020,25,Female,24.4,120,105,169,96,4.5,172.6,Current,Moderate,High,0,0,0,117,0,0.4,5.2,4.36,8.3,2.12,Healthy
1021,45,Female,34.8,158,108,177,82,5.7,294.7,Never,Heavy,High,1,0,1,159,0,0.4,6.3,6.33,13.8,3.14,Breast Cancer
1022,69,Female,30.7,167,106,242,103,6.2,129.5,Never,Moderate,Moderate,1,3,2,134,1,3.1,6.7,4.92,14.9,3.92,Heart Disease
1023,41,Female,34.4,154,96,182,265,7.0,179.5,Never,Heavy,Moderate,1,0,1,90,0,0.6,6.2,4.0,15.3,1.58,Diabetes
1024,35,Female,29.0,130,86,266,112,5.6,193.7,Never,Moderate,High,0,1,0,145,0,0.5,6.2,3.9,16.9,1.26,Breast Cancer
1025,59,Male,29.5,191,83,244,97,5.8,46.8,Never,Heavy,Moderate,0,3,2,71,1,3.5,8.0,6.27,14.5,2.39,Heart Disease
1026,39,Male,25.1,112,106,153,79,5.8,235.7,Never,None,Moderate,0,0,0,169,0,1.0,8.0,4.76,16.0,2.19,Breast Cancer
1027,49,Male,28.7,180,96,284,167,10.9,94.7,Former,Moderate,High,1,0,0,73,0,0.4,7.5,4.93,16.7,1.83,Diabetes
1028,71,Female,30.1,178,96,343,119,5.9,94.3,Former,None,Moderate,1,2,1,91,1,5.4,4.6,6.1,10.0,4.5,Heart Disease
1029,69,Male,28.6,180,104,267,132,9.4,280.7,Former,Heavy,Moderate,0,1,1,170,0,1.3,10.8,5.45,11.7,2.0,Diabetes
1030,48,Female,21.7,94,86,182,89,5.1,226.1,Current,Heavy,Low,0,0,0,115,0,0.0,6.0,3.9,8.8,2.13,Healthy
1031,73,Male,27.6,169,80,304,136,5.8,237.2,Never,Heavy,Moderate,0,2,2,86,1,1.6,5.4,3.93,16.5,1.08,Heart Disease
1032,58,Female,28.2,131,63,250,283,11.0,159.9,Former,None,Moderate,1,0,1,178,0,0.8,6.4,5.39,10.9,4.01,Diabetes
1033,24,Male,25.7,126,92,205,80,5.0,122.2,Current,Moderate,High,0,0,0,116,0,0.0,10.5,5.55,16.8,2.68,Healthy
1034,72,Female,35.0,178,64,242,95,5.9,254.2,Never,Heavy,Low,1,3,1,136,1,6.1,4.1,6.46,16.0,3.05,Heart Disease
1035,70,Male,32.4,133,103,201,115,5.9,176.1,Current,Moderate,Low,0,1,0,150,0,0.4,4.0,3.97,9.3,0.57,Breast Cancer
1036,66,Female,32.0,184,97,342,136,5.6,149.4,Current,Heavy,Moderate,1,3,1,62,1,5.7,4.8,6.06,15.9,3.25,Heart Disease
1037,71,Male,33.1,166,86,263,112,5.8,138.1,Former,Heavy,High,0,2,1,124,1,2.6,10.3,5.21,13.4,2.22,Heart Disease
1038,59,Male,35.3,191,73,298,125,6.2,240.9,Former,Moderate,Moderate,0,2,1,134,1,3.0,6.8,5.89,14.4,3.32,Heart Disease
1039,60,Male,29.3,147,71,265,139,6.1,72.1,Former,Moderate,Moderate,0,2,2,137,1,1.5,4.2,6.3,11.7,3.46,Heart Disease
1040,48,Male,22.3,90,109,166,83,4.4,218.5,Former,Moderate,Low,0,0,0,123,0,0.1,9.2,6.19,13.1,3.62,Healthy
1041,46,Male,32.1,139,104,264,97,5.0,57.9,Current,Heavy,High,0,1,1,162,0,1.2,9.2,6.42,8.3,3.15,Breast Cancer
1042,61,Female,28.3,175,61,207,276,7.6,185.4,Current,Heavy,High,1,0,1,74,0,0.6,6.1,5.68,14.7,1.82,Diabetes
1043,49,Male,29.1,155,89,222,114,5.2,140.0,Current,None,Low,1,2,1,114,1,3.2,7.1,5.67,8.4,3.35,Heart Disease
1044,39,Male,35.8,152,90,163,71,4.9,112.2,Never,Moderate,High,1,0,0,145,0,1.2,10.2,5.12,11.3,2.07,Breast Cancer
1045,38,Female,32.9,136,98,211,278,7.1,250.8,Former,Moderate,Low,0,0,0,156,0,1.3,8.9,4.13,9.2,3.06,Diabetes
1046,58,Female,40.0,177,80,170,281,9.3,73.8,Current,Heavy,High,0,1,0,137,0,1.1,8.3,3.59,15.6,0.86,Diabetes
1047,35,Female,34.3,167,104,258,145,9.0,163.8,Former,Moderate,Low,1,0,1,106,0,1.0,6.6,6.46,10.4,2.58,Diabetes
1048,31,Male,24.1,103,106,174,91,4.6,146.3,Former,None,Moderate,0,0,0,111,0,0.3,4.5,5.22,12.6,1.31,Healthy
1049,75,Male,30.3,145,107,280,93,5.9,100.7,Never,Moderate,Moderate,1,2,1,136,1,5.3,9.9,3.81,12.3,1.5,Heart Disease
1050,46,Female,24.5,115,73,202,85,5.3,175.5,Never,None,Moderate,1,0,0,137,0,0.4,9.3,4.15,17.3,3.26,Healthy
1051,36,Male,23.4,92,69,178,92,5.0,127.8,Current,Heavy,Moderate,0,0,0,199,0,0.0,7.9,4.09,14.8,4.99,Healthy
1052,61,Female,26.8,149,96,242,103,4.6,271.9,Former,Heavy,Low,1,0,1,112,0,0.1,7.2,3.87,9.9,0.86,Breast Cancer
1053,40,Male,25.1,94,72,205,95,5.5,89.7,Current,Moderate,High,0,0,0,182,0,0.1,9.0,4.79,13.2,1.62,Healthy
1054,55,Female,32.8,135,85,244,212,8.9,228.9,Current,None,Low,1,0,1,159,0,1.7,5.7,4.1,18.0,4.47,Diabetes
1055,58,Male,44.9,181,62,298,283,12.0,154.6,Former,Moderate,High,1,1,0,77,0,0.4,8.7,5.32,15.2,1.06,Diabetes
1056,23,Female,20.7,98,102,158,83,4.9,150.1,Current,Moderate,Moderate,0,0,0,159,0,0.2,9.6,5.75,15.0,1.23,Healthy
1057,45,Female,19.5,128,87,149,77,4.6,183.7,Former,Heavy,Moderate,1,0,0,95,0,0.2,9.7,6.13,11.2,2.53,Healthy
1058,46,Male,21.7,119,85,164,89,4.8,25.1,Never,None,High,1,0,0,187,0,0.4,5.6,6.41,16.0,4.26,Healthy
1059,55,Female,35.2,181,79,165,242,11.5,21.5,Former,None,High,1,0,1,104,0,0.3,8.8,6.06,16.5,0.68,Diabetes
1060,22,Female,20.0,112,63,142,89,4.2,44.3,Current,Heavy,Low,0,0,0,189,0,0.5,4.7,4.82,15.7,2.57,Healthy
1061,65,Male,35.1,185,68,311,130,5.6,18.6,Current,Heavy,High,0,2,1,91,1,6.2,8.5,4.8,15.5,4.5,Heart Disease
1062,39,Male,36.3,164,109,188,219,9.0,148.4,Never,Moderate,High,1,0,0,129,0,1.1,10.2,5.5,8.4,1.1,Diabetes
1063,73,Female,29.5,173,61,347,92,5.2,265.0,Never,Moderate,Moderate,1,2,1,128,1,4.2,4.6,5.84,11.5,1.25,Heart Disease
1064,31,Male,20.5,115,60,183,102,5.5,10.3,Former,Heavy,Moderate,0,0,0,133,0,0.3,5.4,6.08,8.8,3.96,Healthy
1065,33,Male,22.5,151,64,258,80,5.6,100.5,Never,Moderate,High,1,1,1,122,0,0.6,6.1,4.08,9.2,2.44,Breast Cancer
1066,22,Male,21.4,102,76,199,75,4.8,157.7,Current,None,Low,0,0,0,188,0,0.4,7.7,4.65,9.5,4.26,Healthy
1067,47,Male,41.7,148,105,238,220,7.3,111.1,Never,Heavy,Low,0,1,0,160,0,1.1,10.1,4.34,9.4,1.09,Diabetes
1068,38,Male,30.9,146,89,283,188,11.8,67.0,Former,None,High,1,1,0,105,0,1.3,9.9,5.97,9.4,4.35,Diabetes
1069,52,Female,36.9,140,100,160,259,9.1,167.8,Current,None,Low,1,1,1,132,0,1.8,5.1,4.33,8.7,4.28,Diabetes
1070,35,Female,36.7,147,62,219,90,6.0,162.3,Current,Heavy,High,0,1,1,83,0,1.1,9.1,4.66,11.2,2.91,Breast Cancer
1071,47,Male,30.3,181,79,254,99,5.1,221.9,Current,Heavy,Moderate,1,2,2,104,1,2.5,10.2,5.5,8.0,3.15,Heart Disease
1072,46,Male,22.5,93,102,123,90,4.5,298.7,Never,Moderate,Moderate,0,0,0,124,0,0.1,7.7,5.64,10.6,0.76,Healthy
1073,27,Female,22.3,129,104,131,87,4.2,277.3,Current,None,Moderate,0,0,0,115,0,0.2,5.4,4.24,14.2,4.35,Healthy
1074,42,Female,34.9,132,67,216,243,7.4,36.7,Former,None,High,1,0,0,74,0,0.6,4.2,4.29,12.5,2.48,Diabetes
1075,46,Female,35.8,179,65,232,107,5.9,82.5,Current,None,Low,1,2,2,60,1,4.8,5.0,5.96,13.0,1.9,Heart Disease
1076,47,Male,23.5,96,89,175,103,4.2,163.0,Current,Moderate,High,1,0,0,184,0,0.3,4.4,3.85,10.9,0.61,Healthy
1077,59,Male,36.6,173,75,317,103,5.7,48.0,Former,None,Low,1,3,2,78,1,2.7,6.9,3.58,17.7,3.29,Heart Disease
1078,33,Female,25.6,123,92,137,85,4.5,165.6,Former,None,Low,0,0,0,83,0,0.1,7.1,6.15,15.3,1.37,Healthy
1079,57,Male,33.0,193,103,342,136,5.6,81.7,Current,None,Low,0,2,2,72,1,5.4,7.0,4.49,14.0,4.4,Heart Disease
1080,48,Male,36.5,159,97,211,202,9.1,72.4,Never,Moderate,Low,0,0,0,94,0,0.2,9.6,5.98,17.7,2.15,Diabetes
1081,39,Male,38.6,166,97,244,128,9.9,259.7,Never,None,Moderate,1,1,1,95,0,1.1,8.0,4.03,13.0,2.09,Diabetes
1082,71,Female,28.3,158,110,283,138,6.0,211.8,Former,None,Moderate,1,3,1,105,1,3.4,7.5,5.66,10.8,1.11,Heart Disease
1083,56,Male,22.5,157,79,215,110,4.9,202.2,Former,Heavy,High,0,1,0,122,0,1.0,10.6,3.54,9.0,3.85,Breast Cancer
1084,51,Male,25.6,107,99,181,73,5.2,237.4,Former,Moderate,High,0,0,0,157,0,0.4,5.5,5.84,13.8,1.7,Healthy
1085,66,Male,34.7,188,63,300,126,6.3,64.2,Current,Moderate,Low,0,2,1,100,1,4.2,7.5,3.54,11.4,4.87,Heart Disease
1086,64,Male,28.0,137,64,258,108,6.4,236.9,Former,Moderate,High,0,0,1,101,0,0.1,5.4,3.86,9.2,1.73,Breast Cancer
1087,35,Male,37.5,146,101,256,130,10.9,83.2,Current,Heavy,Low,1,0,0,173,0,0.7,4.7,6.17,9.0,2.26,Diabetes
1088,49,Male,31.5,138,81,239,86,5.0,99.9,Former,None,Moderate,0,1,1,110,0,0.5,10.8,5.2,10.5,4.86,Breast Cancer
1089,52,Female,44.8,168,77,280,288,8.7,280.6,Current,Heavy,Moderate,1,0,0,164,0,0.4,5.8,5.42,16.1,1.43,Diabetes
1090,41,Male,30.7,159,101,247,104,6.1,38.9,Former,None,Low,0,0,0,163,0,1.4,5.2,4.02,10.0,2.18,Breast Cancer
1091,48,Female,26.6,167,93,277,107,6.3,227.0,Never,Heavy,Low,1,3,2,104,1,5.8,9.6,5.83,17.8,2.24,Heart Disease
1092,50,Male,25.9,159,99,199,116,4.5,182.1,Former,None,High,0,1,1,89,0,0.8,7.7,3.6,12.2,3.91,Breast Cancer
1093,59,Male,33.6,141,100,322,131,5.8,115.8,Current,None,High,0,2,1,137,1,4.8,9.4,4.36,8.8,2.35,Heart Disease
1094,43,Male,29.8,151,68,294,216,9.3,186.0,Never,Moderate,Low,1,1,1,151,0,1.9,6.1,6.18,12.6,4.2,Diabetes
1095,49,Male,30.2,187,97,313,137,5.4,232.6,Never,None,High,1,3,2,88,1,2.8,8.3,4.07,11.2,2.27,Heart Disease
1096,53,Male,31.4,200,101,236,91,5.6,99.2,Current,Moderate,Low,1,2,1,125,1,1.8,8.1,4.94,13.4,2.1,Heart Disease
1097,56,Male,22.9,129,99,218,91,5.6,196.0,Former,Heavy,Low,1,1,1,124,0,1.4,10.4,6.39,8.3,3.84,Breast Cancer
1098,37,Male,29.8,134,71,188,232,8.2,194.2,Current,Heavy,Low,0,1,1,110,0,1.5,10.6,5.23,10.5,2.67,Diabetes
1099,62,Female,25.7,142,78,340,108,5.3,191.9,Current,None,Moderate,1,3,1,112,1,4.4,9.0,3.61,17.1,0.8,Heart Disease
1100,43,Female,34.6,175,107,216,151,10.4,167.3,Former,None,Low,1,1,1,157,0,1.7,4.9,4.43,12.8,2.67,Diabetes
1101,57,Male,43.0,176,91,251,196,10.8,159.4,Current,Heavy,High,0,1,1,177,0,0.2,5.8,4.18,10.9,3.94,Diabetes
1102,32,Male,36.8,150,101,167,125,5.3,257.8,Former,Moderate,High,0,1,0,90,0,0.1,6.7,5.76,16.5,3.62,Breast Cancer
1103,55,Male,26.2,189,75,305,116,6.4,46.8,Never,None,Moderate,1,2,1,109,1,4.2,10.8,5.49,13.8,3.88,Heart Disease
1104,58,Male,44.7,151,73,226,222,8.9,243.0,Never,Moderate,High,1,0,0,150,0,0.3,10.1,5.03,17.1,3.07,Diabetes
1105,57,Female,44.6,159,83,239,147,11.3,269.3,Current,Moderate,Moderate,1,1,1,72,0,0.3,4.1,5.62,9.9,4.43,Diabetes
1106,45,Male,29.9,183,83,306,125,5.1,235.8,Current,Moderate,Low,0,2,2,67,1,4.1,6.5,4.39,11.2,1.1,Heart Disease
1107,31,Female,35.6,156,92,165,89,5.4,14.9,Current,None,High,0,1,1,134,0,0.2,7.1,5.9,17.8,2.78,Breast Cancer
1108,32,Male,29.6,145,85,224,101,5.4,78.8,Former,Heavy,Low,1,1,0,151,0,0.5,10.7,3.83,12.1,0.8,Breast Cancer
1109,42,Female,25.3,155,87,195,129,6.5,59.7,Current,None,Moderate,1,1,0,80,0,1.2,10.6,6.0,10.2,1.79,Breast Cancer
1110,55,Female,35.5,132,96,241,117,5.6,273.6,Former,Moderate,Moderate,1,0,0,148,0,1.4,10.9,5.5,8.7,4.7,Breast Cancer
1111,60,Female,37.9,177,83,233,287,7.6,109.5,Never,Heavy,High,1,1,0,110,0,1.7,4.8,3.95,9.5,0.56,Diabetes
1112,69,Female,37.8,156,95,327,125,6.2,150.6,Current,Moderate,Moderate,1,2,2,94,1,5.5,7.8,4.87,14.0,3.84,Heart Disease
1113,58,Female,33.1,195,98,316,140,5.8,149.4,Former,None,High,0,2,2,103,1,4.5,9.7,5.27,9.8,0.52,Heart Disease
1114,67,Male,36.0,172,108,220,154,9.1,231.9,Never,Heavy,Moderate,1,0,0,75,0,0.6,10.8,3.79,15.8,3.78,Diabetes
1115,32,Female,19.2,129,109,182,87,5.1,112.2,Former,Moderate,High,0,0,0,113,0,0.0,7.0,5.15,10.6,0.9,Healthy
1116,21,Male,25.6,128,101,189,95,4.2,102.9,Never,Moderate,Moderate,1,0,0,102,0,0.2,10.4,5.46,17.6,0.68,Healthy
1117,69,Female,26.5,178,70,276,118,5.2,273.9,Never,Heavy,High,1,3,2,79,1,5.5,4.3,4.08,14.9,4.02,Heart Disease
1118,50,Female,33.1,167,89,286,126,5.6,53.8,Former,Heavy,Moderate,1,2,1,92,1,2.4,10.6,4.67,9.7,2.98,Heart Disease
1119,41,Female,28.7,157,92,209,106,4.5,64.3,Current,None,High,0,1,1,105,0,1.2,5.8,3.9,16.1,1.77,Breast Cancer
1120,37,Male,21.2,101,68,125,99,4.4,292.6,Former,Moderate,High,1,0,0,157,0,0.2,6.8,5.31,15.6,3.11,Healthy
1121,53,Male,25.6,167,76,319,106,5.4,28.7,Current,None,Low,0,2,1,86,1,4.0,8.1,4.81,13.6,1.81,Heart Disease
1122,59,Female,28.8,185,68,265,197,9.8,241.5,Current,Heavy,Low,0,1,0,103,0,0.6,7.2,5.91,8.4,1.81,Diabetes
1123,67,Female,32.2,180,108,348,92,5.6,38.5,Current,Heavy,Moderate,1,3,2,72,1,5.9,8.2,6.16,10.5,1.42,Heart Disease
1124,47,Male,24.8,126,64,226,85,4.7,244.0,Current,None,High,1,0,1,170,0,1.1,7.4,5.37,12.1,1.18,Breast Cancer
1125,57,Male,31.6,193,63,308,124,6.3,40.6,Never,Moderate,High,0,2,1,112,1,4.0,5.5,4.89,17.6,1.68,Heart Disease
1126,57,Female,37.5,194,75,311,117,6.0,56.6,Never,Moderate,Moderate,1,3,2,62,1,2.5,7.7,6.29,14.9,2.99,Heart Disease
1127,43,Female,19.6,128,62,191,105,4.4,42.9,Never,None,Moderate,0,0,0,151,0,0.2,7.1,4.08,13.0,2.38,Healthy
1128,48,Female,26.3,90,79,120,104,4.1,210.1,Never,Moderate,Moderate,0,0,0,182,0,0.1,9.4,4.26,10.4,0.62,Healthy
1129,41,Female,25.0,136,77,163,121,5.4,212.2,Never,None,Moderate,0,0,0,175,0,0.7,9.8,4.23,15.7,1.64,Breast Cancer
1130,36,Female,39.5,141,71,269,179,6.8,165.7,Current,Heavy,Moderate,1,1,1,175,0,1.2,10.9,6.05,16.4,1.67,Diabetes
1131,58,Male,32.4,131,100,232,83,4.8,36.3,Former,None,Moderate,0,1,1,158,0,0.5,9.9,5.72,10.3,2.75,Breast Cancer
1132,50,Male,44.3,132,78,238,149,10.2,286.9,Never,Heavy,High,0,1,0,146,0,1.1,8.9,3.59,14.7,0.79,Diabetes
1133,31,Male,26.7,97,91,136,99,5.1,20.9,Never,Moderate,High,0,0,0,85,0,0.5,8.7,5.98,17.2,2.06,Healthy
1134,70,Female,26.4,158,102,285,131,6.1,153.4,Current,Moderate,Moderate,1,2,2,116,1,2.7,7.8,5.88,10.3,3.33,Heart Disease
1135,26,Male,23.3,100,85,143,79,5.0,14.2,Current,Heavy,Moderate,0,0,0,91,0,0.5,5.1,4.34,14.5,4.38,Healthy
1136,33,Female,36.7,120,76,196,88,5.9,168.9,Never,Moderate,Moderate,0,0,0,163,0,0.5,9.2,5.38,8.8,3.33,Breast Cancer
1137,39,Female,42.2,173,82,294,209,7.9,195.9,Never,None,Low,1,0,0,172,0,1.4,6.3,4.11,9.4,3.91,Diabetes
1138,50,Male,41.7,159,76,292,199,10.1,181.0,Never,None,Low,0,0,0,180,0,0.7,8.1,4.08,10.8,2.98,Diabetes
1139,69,Female,38.8,137,93,231,119,4.7,15.7,Former,Heavy,Low,0,1,0,81,0,1.0,5.1,5.97,15.0,1.75,Breast Cancer
1140,49,Female,39.0,135,89,160,152,9.0,134.1,Former,Heavy,Moderate,1,0,1,117,0,1.6,4.1,5.13,17.4,1.56,Diabetes
1141,58,Male,29.2,141,92,251,115,5.7,279.8,Former,Heavy,High,1,2,2,61,1,1.8,4.3,5.12,15.8,4.02,Heart Disease
1142,54,Male,35.9,158,103,228,213,8.3,6.1,Never,Heavy,Moderate,0,0,1,111,0,1.3,8.6,4.39,17.4,3.33,Diabetes
1143,58,Male,27.1,155,97,233,123,5.2,123.9,Former,None,Moderate,1,3,1,129,1,4.8,10.0,4.85,13.4,2.16,Heart Disease
1144,58,Male,36.8,136,63,192,91,5.5,129.8,Former,Moderate,Low,0,0,1,87,0,0.6,8.0,4.29,10.3,1.84,Breast Cancer
1145,43,Male,42.3,144,98,187,280,11.5,153.2,Never,None,Moderate,1,0,1,78,0,1.8,10.8,6.01,16.3,3.3,Diabetes
1146,46,Male,34.1,181,75,223,99,5.7,250.3,Never,None,Moderate,1,2,1,95,1,4.9,5.9,3.85,17.7,3.51,Heart Disease
1147,41,Female,28.6,163,76,284,291,11.6,111.5,Never,Heavy,Low,1,0,1,137,0,0.4,8.0,4.28,13.5,1.09,Diabetes
1148,53,Male,34.6,192,60,313,101,6.5,159.0,Never,None,Moderate,1,2,1,132,1,2.9,9.9,5.01,14.5,3.18,Heart Disease
1149,73,Female,25.8,170,79,332,112,6.4,212.0,Current,Heavy,Moderate,1,2,2,84,1,4.0,4.0,4.68,8.4,2.17,Heart Disease
1150,65,Male,28.9,185,65,231,167,11.6,44.8,Former,Heavy,High,1,1,1,117,0,0.7,6.8,3.61,17.3,2.4,Diabetes
1151,67,Female,37.4,181,101,315,137,6.2,189.2,Never,Moderate,Low,0,3,2,99,1,5.8,7.6,6.05,12.5,4.18,Heart Disease
1152,44,Male,32.3,163,75,283,203,7.8,31.1,Former,Heavy,Low,1,0,1,79,0,0.8,9.3,5.91,8.1,2.72,Diabetes
1153,50,Female,41.4,165,69,183,222,7.1,174.4,Current,Heavy,Moderate,0,0,0,152,0,0.4,7.1,4.56,14.0,2.06,Diabetes
1154,57,Male,36.4,148,71,175,91,5.4,276.8,Never,Moderate,High,0,1,1,168,0,0.9,7.0,6.08,14.5,4.45,Breast Cancer
1155,62,Female,30.4,168,60,315,119,5.2,30.0,Former,None,Moderate,1,3,2,119,1,3.8,8.9,4.41,16.5,4.14,Heart Disease
1156,46,Male,30.3,184,98,262,109,5.7,54.8,Current,Heavy,Low,0,3,2,138,1,3.3,6.7,5.8,15.4,3.72,Heart Disease
1157,45,Male,39.6,160,91,199,211,6.7,131.6,Never,Heavy,High,1,0,1,158,0,0.8,5.3,4.18,11.6,2.5,Diabetes
1158,74,Male,28.0,172,74,279,117,5.7,232.8,Current,Heavy,High,1,3,1,66,1,5.5,8.5,5.37,16.5,1.15,Heart Disease
1159,31,Male,20.1,97,83,128,92,4.3,146.9,Never,None,Low,0,0,0,200,0,0.4,10.2,4.45,16.9,3.03,Healthy
1160,55,Female,19.3,105,88,160,85,4.7,175.2,Current,None,Moderate,0,0,0,132,0,0.2,6.4,5.86,13.3,4.57,Healthy
1161,59,Female,31.6,139,85,274,187,11.6,251.2,Current,Heavy,Moderate,1,0,1,134,0,0.8,8.4,4.68,12.9,2.75,Diabetes
1162,62,Male,28.1,173,98,333,118,5.9,245.9,Never,Moderate,High,1,2,2,82,1,4.7,10.0,3.88,8.1,2.69,Heart Disease
1163,61,Male,30.7,142,91,236,117,5.6,94.6,Never,None,Moderate,0,1,1,87,0,0.3,8.8,5.1,17.2,4.97,Breast Cancer
1164,43,Male,25.1,121,75,207,114,5.2,245.1,Current,Heavy,Low,0,1,1,102,0,0.6,9.5,4.14,16.6,2.3,Breast Cancer
1165,52,Male,39.4,177,95,299,164,7.2,219.7,Never,None,High,1,0,1,135,0,1.9,5.4,6.12,17.4,4.54,Diabetes
1166,70,Male,38.1,134,71,188,74,5.2,44.9,Never,Moderate,High,1,1,1,79,0,1.0,10.8,4.53,13.5,1.88,Breast Cancer
1167,37,Female,37.8,179,109,211,281,10.3,142.6,Current,None,Moderate,1,0,0,102,0,1.0,8.0,4.36,11.2,2.95,Diabetes
1168,61,Male,34.1,180,96,255,99,5.0,83.1,Never,Heavy,Low,1,3,1,65,1,5.2,10.1,5.45,9.5,1.66,Heart Disease
1169,63,Male,40.4,130,93,298,232,9.5,137.8,Former,Moderate,Low,1,0,0,155,0,1.2,6.8,3.86,12.5,1.12,Diabetes
1170,44,Female,42.0,162,63,272,173,9.2,288.5,Never,None,Moderate,1,0,1,168,0,0.3,6.1,4.26,14.2,1.92,Diabetes
1171,47,Male,40.9,184,86,254,245,9.7,246.8,Current,None,High,1,1,0,81,0,1.5,6.2,3.8,16.2,4.99,Diabetes
1172,63,Male,28.0,132,81,193,145,8.3,33.0,Current,Moderate,Moderate,1,1,1,148,0,1.7,4.2,4.47,17.6,0.6,Diabetes
1173,37,Male,39.9,133,96,243,237,10.0,175.1,Current,Heavy,Low,0,0,1,98,0,0.8,10.0,4.86,9.4,4.71,Diabetes
1174,48,Female,19.4,103,69,133,83,5.5,79.1,Never,Moderate,High,0,0,0,145,0,0.3,6.3,5.82,11.1,1.14,Healthy
1175,67,Male,34.0,141,87,330,131,5.3,258.6,Former,None,Low,1,2,2,98,1,3.8,8.1,5.6,12.7,2.14,Heart Disease
1176,37,Female,30.2,169,89,201,140,10.3,209.5,Current,Heavy,Moderate,1,1,0,172,0,0.3,5.4,4.59,13.1,4.83,Diabetes
1177,53,Male,28.6,142,82,220,282,7.4,63.4,Former,None,Moderate,0,1,0,126,0,0.5,10.1,4.78,17.0,1.5,Diabetes
1178,49,Male,39.6,161,71,260,221,9.2,262.3,Never,Heavy,Moderate,0,0,1,177,0,1.9,5.5,5.04,8.6,4.75,Diabetes
1179,44,Male,36.4,152,72,210,136,10.7,75.4,Never,Heavy,Low,1,0,1,165,0,0.9,5.4,6.49,12.3,2.59,Diabetes
1180,53,Male,33.6,139,98,221,241,10.0,123.4,Never,None,High,1,1,1,98,0,1.0,6.2,4.07,11.4,2.59,Diabetes
1181,68,Female,26.1,165,100,341,138,6.4,14.4,Never,None,Moderate,1,2,2,78,1,3.6,7.1,5.39,12.9,0.63,Heart Disease
1182,43,Female,36.8,115,88,176,114,6.2,185.5,Former,None,High,1,0,0,189,0,1.2,8.2,5.67,17.7,0.83,Breast Cancer
1183,40,Male,30.0,166,64,197,257,10.9,97.9,Current,Moderate,High,0,1,1,127,0,1.4,9.5,4.35,13.2,4.77,Diabetes
1184,51,Female,29.6,175,105,162,250,8.8,192.2,Current,None,Low,1,1,1,142,0,1.6,7.6,4.99,16.6,1.17,Diabetes
1185,52,Male,35.0,134,66,165,137,9.0,90.4,Current,Heavy,Moderate,1,1,1,89,0,0.6,10.0,5.46,10.8,4.44,Diabetes
1186,53,Female,26.2,124,87,184,90,5.1,98.4,Never,None,Low,0,0,0,148,0,0.2,9.5,3.6,17.8,1.74,Healthy
1187,72,Female,35.3,162,110,277,131,5.4,294.1,Former,None,High,0,2,2,86,1,2.5,4.3,6.31,12.6,3.92,Heart Disease
1188,61,Male,25.0,116,77,245,88,5.8,81.5,Current,None,High,1,0,0,96,0,0.6,4.6,6.33,16.4,1.99,Breast Cancer
1189,32,Male,23.4,119,102,185,82,5.4,136.0,Never,Heavy,High,1,0,0,194,0,0.1,6.6,4.12,11.7,3.04,Healthy
1190,47,Female,37.1,163,87,259,231,9.1,173.2,Never,Heavy,Moderate,1,1,0,74,0,2.0,10.0,4.15,11.1,1.01,Diabetes
1191,32,Male,30.6,156,69,209,120,5.0,234.4,Former,None,Low,0,1,1,157,0,1.5,6.6,6.23,13.5,3.72,Breast Cancer
1192,48,Female,30.9,190,97,180,133,9.5,212.6,Never,Heavy,Low,1,0,1,85,0,0.7,10.1,5.29,12.5,3.68,Diabetes
1193,75,Female,26.1,178,82,238,111,5.9,111.7,Never,Moderate,Moderate,1,2,2,114,1,1.6,5.3,3.89,14.9,4.92,Heart Disease
1194,47,Male,33.9,194,101,312,90,5.8,276.3,Current,Moderate,High,0,3,1,121,1,4.2,7.7,3.59,15.2,4.03,Heart Disease
1195,43,Female,24.9,114,67,255,115,6.5,98.5,Current,Moderate,Low,1,1,1,76,0,1.4,6.3,4.97,13.4,0.58,Breast Cancer
1196,47,Female,37.5,187,90,225,230,11.5,82.4,Current,Moderate,Low,1,1,0,146,0,1.8,9.3,5.99,13.7,0.72,Diabetes
1197,41,Male,35.4,141,69,266,130,4.7,66.1,Never,None,Moderate,1,1,1,139,0,0.3,9.1,4.73,11.8,4.9,Breast Cancer
1198,52,Male,42.4,175,83,194,224,11.2,234.8,Never,Moderate,Moderate,1,1,1,174,0,1.9,7.9,6.37,10.3,0.87,Diabetes
1199,68,Male,36.8,148,110,220,90,5.3,99.9,Never,None,Moderate,1,3,1,135,1,4.3,5.0,5.73,17.7,2.72,Heart Disease
1200,73,Male,25.9,141,60,222,103,5.4,33.0,Never,Heavy,High,1,3,1,138,1,3.2,6.6,4.58,12.1,2.03,Heart Disease
